Property file name,key
sandbox/admin-mz.properties,-----------
sandbox/admin-mz.properties,mosip.admin.identityMappingJson
sandbox/admin-mz.properties,mosip.admin.applicant-details.exposed-identity-fields
sandbox/admin-mz.properties,RETRIEVE_IDENTITY_API
sandbox/admin-mz.properties,DIGITAL_CARD_STATUS_URL
sandbox/application-mz.properties,
sandbox/application-mz.properties,mosip.kernel.idobjectvalidator.masterdata.locations.locationNotAvailable
sandbox/application-mz.properties,mosip.masterdata.base.url
sandbox/application-mz.properties,mosip.kernel.idobjectvalidator.masterdata.languages.rest.uri
sandbox/application-mz.properties,mosip.kernel.idobjectvalidator.masterdata.documentcategories.rest.uri
sandbox/application-mz.properties,mosip.kernel.idobjectvalidator.masterdata.documenttypes.rest.uri
sandbox/application-mz.properties,mosip.kernel.idobjectvalidator.masterdata.locations.rest.uri
sandbox/application-mz.properties,mosip.kernel.idobjectvalidator.masterdata.locationhierarchy.rest.uri
sandbox/application-mz.properties,mosip.kernel.idobjectvalidator.locationhierarchy.mapping.0
sandbox/application-mz.properties,mosip.kernel.idobjectvalidator.locationhierarchy.mapping.1
sandbox/application-mz.properties,mosip.kernel.idobjectvalidator.locationhierarchy.mapping.2
sandbox/application-mz.properties,mosip.kernel.idobjectvalidator.locationhierarchy.mapping.3
sandbox/application-mz.properties,mosip.kernel.idobjectvalidator.locationhierarchy.mapping.4
sandbox/application-mz.properties,mosip.kernel.idobjectvalidator.locationhierarchy.mapping.5
sandbox/application-mz.properties,mosip.kernel.idobjectvalidator.mandatory-attributes.pre-registration.new-registration
sandbox/application-mz.properties,mosip.kernel.idobjectvalidator.mandatory-attributes.pre-registration.child-registration
sandbox/application-mz.properties,mosip.kernel.idobjectvalidator.mandatory-attributes.reg-client.new-registration
sandbox/application-mz.properties,mosip.kernel.idobjectvalidator.mandatory-attributes.reg-client.child-registration
sandbox/application-mz.properties,mosip.primary-language
sandbox/application-mz.properties,mosip.secondary-language
sandbox/application-mz.properties,mosip.keymanager.base.url
sandbox/application-mz.properties,mosip.kernel.fsadapter.hdfs.name-node-url
sandbox/application-mz.properties,mosip.kernel.fsadapter.hdfs.authentication-enabled
sandbox/application-mz.properties,mosip.kernel.fsadapter.hdfs.kdc-domain
sandbox/application-mz.properties,logging.level.org.apache.hadoop
sandbox/application-mz.properties,mosip.kernel.fsadapter.hdfs.keytab-file
sandbox/application-mz.properties,mosip.kernel.transliteration.franch-language-code
sandbox/application-mz.properties,object.store.s3.accesskey
sandbox/application-mz.properties,object.store.s3.secretkey
sandbox/application-mz.properties,object.store.s3.url
sandbox/application-mz.properties,object.store.s3.region
sandbox/application-mz.properties,object.store.s3.readlimit
sandbox/application-mz.properties,dmz.ingress.base.url
sandbox/application-mz.properties,websub.base.url
sandbox/application-mz.properties,activemq.host
sandbox/application-mz.properties,activemq.core.port
sandbox/application-mz.properties,activemq.password
sandbox/data-share-mz.properties,
sandbox/kernel-mz.properties,
sandbox/kernel-mz.properties,mosip.kernel.tokenid.uin.salt
sandbox/kernel-mz.properties,mosip.kernel.tokenid.partnercode.salt
sandbox/kernel-mz.properties,licensekeymanager.persistence.jdbc.driver
sandbox/kernel-mz.properties,licensekeymanager_database_url
sandbox/kernel-mz.properties,licensekeymanager_database_username
sandbox/kernel-mz.properties,licensekeymanager_database_password
sandbox/kernel-mz.properties,syncdata.websub.resubscription.delay.secs
sandbox/kernel-mz.properties,mosip.kernel.keymanager.113nothumbprint.support
sandbox/application-mz.properties,
sandbox/application-mz.properties,mosip.kernel.idobjectvalidator.masterdata.locations.locationNotAvailable
sandbox/application-mz.properties,mosip.masterdata.base.url
sandbox/application-mz.properties,mosip.kernel.idobjectvalidator.masterdata.languages.rest.uri
sandbox/application-mz.properties,mosip.kernel.idobjectvalidator.masterdata.documentcategories.rest.uri
sandbox/application-mz.properties,mosip.kernel.idobjectvalidator.masterdata.documenttypes.rest.uri
sandbox/application-mz.properties,mosip.kernel.idobjectvalidator.masterdata.locations.rest.uri
sandbox/application-mz.properties,mosip.kernel.idobjectvalidator.masterdata.locationhierarchy.rest.uri
sandbox/application-mz.properties,mosip.kernel.idobjectvalidator.locationhierarchy.mapping.0
sandbox/application-mz.properties,mosip.kernel.idobjectvalidator.locationhierarchy.mapping.1
sandbox/application-mz.properties,mosip.kernel.idobjectvalidator.locationhierarchy.mapping.2
sandbox/application-mz.properties,mosip.kernel.idobjectvalidator.locationhierarchy.mapping.3
sandbox/application-mz.properties,mosip.kernel.idobjectvalidator.locationhierarchy.mapping.4
sandbox/application-mz.properties,mosip.kernel.idobjectvalidator.locationhierarchy.mapping.5
sandbox/application-mz.properties,mosip.kernel.idobjectvalidator.mandatory-attributes.pre-registration.new-registration
sandbox/application-mz.properties,mosip.kernel.idobjectvalidator.mandatory-attributes.pre-registration.child-registration
sandbox/application-mz.properties,mosip.kernel.idobjectvalidator.mandatory-attributes.reg-client.new-registration
sandbox/application-mz.properties,mosip.kernel.idobjectvalidator.mandatory-attributes.reg-client.child-registration
sandbox/application-mz.properties,mosip.primary-language
sandbox/application-mz.properties,mosip.secondary-language
sandbox/application-mz.properties,mosip.keymanager.base.url
sandbox/application-mz.properties,mosip.kernel.fsadapter.hdfs.name-node-url
sandbox/application-mz.properties,mosip.kernel.fsadapter.hdfs.authentication-enabled
sandbox/application-mz.properties,mosip.kernel.fsadapter.hdfs.kdc-domain
sandbox/application-mz.properties,logging.level.org.apache.hadoop
sandbox/application-mz.properties,mosip.kernel.fsadapter.hdfs.keytab-file
sandbox/application-mz.properties,mosip.kernel.transliteration.franch-language-code
sandbox/application-mz.properties,object.store.s3.accesskey
sandbox/application-mz.properties,object.store.s3.secretkey
sandbox/application-mz.properties,object.store.s3.url
sandbox/application-mz.properties,object.store.s3.region
sandbox/application-mz.properties,object.store.s3.readlimit
sandbox/application-mz.properties,dmz.ingress.base.url
sandbox/application-mz.properties,websub.base.url
sandbox/application-mz.properties,activemq.host
sandbox/application-mz.properties,activemq.core.port
sandbox/application-mz.properties,activemq.password
sandbox/hotlist-mz.properties,
sandbox/id-authentication-mz.properties,
sandbox/id-authentication-mz.properties,ida.bio.hash.validation.disabled
sandbox/id-authentication-mz.properties,mosip.biosdk.default.host
sandbox/id-authentication-mz.properties,mosip.biometric.sdk.provider.finger.classname
sandbox/id-authentication-mz.properties,mosip.biometric.sdk.provider.finger.version
sandbox/id-authentication-mz.properties,mosip.biometric.sdk.provider.finger.format.url.default
sandbox/id-authentication-mz.properties,mosip.biometric.sdk.provider.iris.classname
sandbox/id-authentication-mz.properties,mosip.biometric.sdk.provider.iris.version
sandbox/id-authentication-mz.properties,mosip.biometric.sdk.provider.iris.format.url.default
sandbox/id-authentication-mz.properties,mosip.biometric.sdk.provider.face.classname
sandbox/id-authentication-mz.properties,mosip.biometric.sdk.provider.face.version
sandbox/id-authentication-mz.properties,mosip.biometric.sdk.provider.face.format.url.default
sandbox/id-authentication-mz.properties,userid-rid.rest.uri
sandbox/id-authentication-mz.properties,userid-rid.rest.httpMethod
sandbox/id-authentication-mz.properties,userid-rid.rest.headers.mediaType
sandbox/id-authentication-mz.properties,userid-rid.rest.timeout
sandbox/id-authentication-mz.properties,auth-token-generator.rest.uri
sandbox/id-authentication-mz.properties,auth-token-validator.rest.uri
sandbox/id-authentication-mz.properties,auth-token-generator.rest.clientId
sandbox/id-authentication-mz.properties,auth-token-generator.rest.secretKey
sandbox/id-authentication-mz.properties,auth-token-generator.rest.appId
sandbox/id-authentication-mz.properties,ida-websub-ca-certificate-callback-secret
sandbox/id-authentication-mz.properties,ida-websub-ca-cert-callback-url
sandbox/id-authentication-mz.properties,subscriptions-delay-on-startup
sandbox/id-authentication-mz.properties,ida-topic-pmp-misp-updated
sandbox/id-authentication-mz.properties,ida-topic-pmp-ca-certificate-uploaded
sandbox/id-authentication-mz.properties,authrequest.received-time-allowed.minutes
sandbox/id-authentication-mz.properties,authrequest.received-time-adjustment.minutes
sandbox/id-authentication-mz.properties,ida-zero-knowledge-encrypted-credential-attributes
sandbox/id-authentication-mz.properties,mosip.ida.auth.trust-validation-required
sandbox/id-authentication-mz.properties,mosip.ida.kyc.trust-validation-required
sandbox/id-authentication-mz.properties,mosip.ida.otp.trust-validation-required
sandbox/id-authentication-mz.properties,maste.data.titles
sandbox/id-authentication-mz.properties,master.data.ida-templates
sandbox/id-authentication-mz.properties,mosip.kernel.keymanager.113nothumbprint.support
sandbox/id-repository-mz.properties,
sandbox/id-repository-mz.properties,mosip.idrepo.anonymous-profiling-enabled
sandbox/id-repository-mz.properties,mosip.idrepo.modulo-value
sandbox/id-repository-mz.properties,mosip.identity.mapping-file
sandbox/id-repository-mz.properties,mosip.idrepo.identity.allowedTypes
sandbox/id-repository-mz.properties,GENERATE_VID
sandbox/id-repository-mz.properties,RETRIEVE_VID
sandbox/id-repository-mz.properties,mosip.biosdk.default.host
sandbox/id-repository-mz.properties,mosip.biometric.sdk.provider.finger.classname
sandbox/id-repository-mz.properties,mosip.biometric.sdk.provider.finger.version
sandbox/id-repository-mz.properties,mosip.biometric.sdk.provider.finger.format.url.mock-1.1
sandbox/id-repository-mz.properties,mosip.biometric.sdk.provider.finger.format.url.default
sandbox/id-repository-mz.properties,mosip.biometric.sdk.provider.iris.classname
sandbox/id-repository-mz.properties,mosip.biometric.sdk.provider.iris.version
sandbox/id-repository-mz.properties,mosip.biometric.sdk.provider.iris.format.url.mock-1.1
sandbox/id-repository-mz.properties,mosip.biometric.sdk.provider.face.classname
sandbox/id-repository-mz.properties,mosip.biometric.sdk.provider.face.version
sandbox/id-repository-mz.properties,mosip.biometric.sdk.provider.face.format.url.mock-1.1
sandbox/id-repository-mz.properties,-----------
sandbox/id-repository-mz.properties,logging.level.io.mosip.idrepository.core.httpfilter.BaseIdRepoFilter
sandbox/id-repository-mz.properties,mosip.credential.service.vercred.context.url.map
sandbox/id-repository-mz.properties,mosip.credential.service.vercred.context.uri
sandbox/id-repository-mz.properties,mosip.credential.service.vercred.id.url
sandbox/id-repository-mz.properties,mosip.credential.service.vercred.issuer.url
sandbox/id-repository-mz.properties,mosip.credential.service.vercred.types
sandbox/id-repository-mz.properties,mosip.credential.service.vercred.proof.purpose
sandbox/id-repository-mz.properties,mosip.credential.service.vercred.proof.type
sandbox/id-repository-mz.properties,mosip.credential.service.vercred.proof.verificationmethod
sandbox/id-repository-mz.properties,KEYMANAGER_VERCRED_SIGN
sandbox/id-repository-mz.properties,credentialType.formatter.VERCRED
sandbox/id-repository-mz.properties,credentialType.formatter.PDFCARD
sandbox/id-repository-mz.properties,logging.level.io.mosip.idrepository.identity.controller
sandbox/id-repository-mz.properties,mosip.idrepo.identityjson.file
sandbox/mimoto-mz.properties,
sandbox/mimoto-mz.properties,mosip.event.callback.callBackUrl
sandbox/mock-abis-mz.properties,
sandbox/partner-management-mz.properties,
sandbox/partner-management-mz.properties,mosip.kernel.mispid.length
sandbox/partner-management-mz.properties,masterdata.registerdevice.timestamp.validate
sandbox/partner-management-mz.properties,mosip.iam.base-url
sandbox/partner-management-mz.properties,mosip.kernel.filtervalue.max_columns
sandbox/pre-registration-mz.properties,
sandbox/pre-registration-mz.properties,application.id
sandbox/pre-registration-mz.properties,preregistration.preid.regex
sandbox/pre-registration-mz.properties,mosip.pregistration.pagesize
sandbox/pre-registration-mz.properties,spring.servlet.multipart.max-file-size
sandbox/pre-registration-mz.properties,spring.servlet.multipart.max-request-size
sandbox/pre-registration-mz.properties,preregistration.country.specific.zoneId
sandbox/pre-registration-mz.properties,mosip.primary-language
sandbox/pre-registration-mz.properties,timeZone
sandbox/pre-registration-mz.properties,kernel.syncdata.env
sandbox/pre-registration-mz.properties,kernel.syncdata.version
sandbox/pre-registration-mz.properties,mosip.preregistration.sendotp.allowapi
sandbox/pre-registration-mz.properties,preregistartion.config.identityjson
sandbox/pre-registration-mz.properties,preregistration.demographic.idschema-json-filename
sandbox/pre-registration-mz.properties,preregistartion.response
sandbox/pre-registration-mz.properties,preregistartion.identity.name
sandbox/pre-registration-mz.properties,preregistartion.demographicDetails
sandbox/pre-registration-mz.properties,preregistartion.identity.email
sandbox/pre-registration-mz.properties,preregistartion.identity.phone
sandbox/pre-registration-mz.properties,preregistartion.identity
sandbox/pre-registration-mz.properties,mosip.id.pre-registration.qrcode.generate: mosip.pre-registration.qrcode.generate
sandbox/pre-registration-mz.properties,preregistration.workflow.demographic
sandbox/pre-registration-mz.properties,preregistration.workflow.documentupload
sandbox/pre-registration-mz.properties,preregistration.workflow.booking
sandbox/pre-registration-mz.properties,mosip.preregistration.captcha.site.key
sandbox/pre-registration-mz.properties,"mosip.security.origins:localhost:8080,localhost:4200"
sandbox/print-mz.properties,
sandbox/print-mz.properties,dmz.ingress.base.url
sandbox/print-mz.properties,websub.base.url
sandbox/print-mz.properties,mosip.event.delay
sandbox/print-mz.properties,print-websub-resubscription-delay-secs
sandbox/print-mz.properties,token.request.id
sandbox/print-mz.properties,token.request.appid
sandbox/print-mz.properties,token.request.username
sandbox/print-mz.properties,token.request.password
sandbox/print-mz.properties,token.request.version
sandbox/print-mz.properties,token.request.clientId
sandbox/print-mz.properties,token.request.secretKey
sandbox/print-mz.properties,token.request.issuerUrl
sandbox/print-mz.properties,mosip.print.audit.id
sandbox/print-mz.properties,mosip.primary-language
sandbox/print-mz.properties,mosip.secondary-language
sandbox/print-mz.properties,mosip.kernel.xsdstorage-uri
sandbox/print-mz.properties,config.server.file.storage.uri
sandbox/registration-mz.properties,
sandbox/registration-mz.properties,mosip.registration.supervisor_authentication_configuration
sandbox/registration-mz.properties,mosip.registration.Registration_Client_Setup_Sync.frequency
sandbox/registration-mz.properties,mosip.registration.Registration_Client_Config_Sync.frequency
sandbox/registration-mz.properties,mosip.registration.max_reg_packet_size
sandbox/registration-mz.properties,mosip.registration.packet_store_date_format
sandbox/registration-processor-mz.properties,
sandbox/registration-processor-mz.properties,dmz.ingress.base.url
sandbox/registration-processor-mz.properties,registration.processor.PRINT_POSTAL_SERVICE
sandbox/registration-processor-mz.properties,IDSchema.Version
sandbox/registration-processor-mz.properties,token.request.username
sandbox/registration-processor-mz.properties,token.request.password
sandbox/registration-processor-mz.properties,PASSWORDBASEDTOKENAPI
sandbox/registration-processor-mz.properties,GENDER
sandbox/registration-processor-mz.properties,REGION
sandbox/registration-processor-mz.properties,CITY
sandbox/registration-processor-mz.properties,POSTALCODE
sandbox/registration-processor-mz.properties,PROVINCE
sandbox/registration-processor-mz.properties,PDFSIGN
sandbox/registration-processor-mz.properties,EISERVICE
sandbox/registration-processor-mz.properties,RIDGENERATION
sandbox/registration-processor-mz.properties,SYNCSERVICE
sandbox/registration-processor-mz.properties,PACKETRECEIVER
sandbox/registration-processor-mz.properties,application.id
sandbox/registration-processor-mz.properties,registration.processor.demodedupe.manualverification.status
sandbox/registration-processor-mz.properties,mosip.registration.processor.manual.verification.assignment.id
sandbox/registration-processor-mz.properties,mosip.registration.processor.manual.verification.decision.id
sandbox/registration-processor-mz.properties,mosip.registration.processor.manual.verification.biometric.id
sandbox/registration-processor-mz.properties,mosip.registration.processor.manual.verification.demographic.id
sandbox/registration-processor-mz.properties,mosip.registration.processor.manual.verification.packetinfo.id
sandbox/registration-processor-mz.properties,registration.processor.queue.manualverification.request.messageTTL
sandbox/registration-processor-mz.properties,registration.processor.manual.verification.reprocess.buffer.time
sandbox/registration-processor-mz.properties,registration.processor.manual.adjudication.json
sandbox/registration-processor-mz.properties,config.server.file.storage.uri
sandbox/registration-processor-mz.properties,mosip.workinghour.validation.required
sandbox/registration-processor-mz.properties,registration.processor.validate.introducer
sandbox/registration-processor-mz.properties,mosip.registartion.processor.validateUMC
sandbox/registration-processor-mz.properties,registration.processor.wait.period
sandbox/registration-processor-mz.properties,registration.processor.print.textfile
sandbox/registration-processor-mz.properties,mosip.regproc.message.sender.api.id
sandbox/registration-processor-mz.properties,mosip.regproc.message.sender.api.version
sandbox/registration-processor-mz.properties,registration.processor.queue.address
sandbox/registration-processor-mz.properties,registration.processor.queue.printpostaladdress
sandbox/registration-processor-mz.properties,registration.processor.enable.proxy.postalservice
sandbox/registration-processor-mz.properties,registration.processor.masterdata.validation.attributes
sandbox/registration-processor-mz.properties,registration.processor.validateSchema
sandbox/registration-processor-mz.properties,registration.processor.validateFile
sandbox/registration-processor-mz.properties,registration.processor.validateChecksum
sandbox/registration-processor-mz.properties,registration.processor.validateApplicantDocument
sandbox/registration-processor-mz.properties,registration.processor.validateMasterData
sandbox/registration-processor-mz.properties,registration-processor.validatemandotary
sandbox/registration-processor-mz.properties,registration.processor.document.category
sandbox/registration-processor-mz.properties,registration.processor.audit.applicationId
sandbox/registration-processor-mz.properties,registration.processor.audit.applicationName
sandbox/registration-processor-mz.properties,mosip.registration.processor.registration.packetgenerator.id
sandbox/registration-processor-mz.properties,mosip.registration.processor.uincard.reprint.id
sandbox/registration-processor-mz.properties,mosip.registration.processor.packetgenerator.version
sandbox/registration-processor-mz.properties,mosip.registration.processor.resident.service.id
sandbox/registration-processor-mz.properties,mosip.registration.processor.lost.id
sandbox/registration-processor-mz.properties,mosip.registration.processor.print.service.id
sandbox/registration-processor-mz.properties,registration.processor.unMaskedUin.length
sandbox/registration-processor-mz.properties,mosip.registration.processor.print.service.uincard.password
sandbox/registration-processor-mz.properties,mosip.print.uin.header.length
sandbox/registration-processor-mz.properties,mosip.registration.processor.print.service.uincard.lowerleftx
sandbox/registration-processor-mz.properties,mosip.registration.processor.print.service.uincard.lowerlefty
sandbox/registration-processor-mz.properties,mosip.registration.processor.print.service.uincard.upperrightx
sandbox/registration-processor-mz.properties,mosip.registration.processor.print.service.uincard.upperrighty
sandbox/registration-processor-mz.properties,mosip.registration.processor.print.service.uincard.signature.reason
sandbox/registration-processor-mz.properties,mosip.registration.processor.email.id
sandbox/registration-processor-mz.properties,mosip.biometric.sdk.provider.finger.classname
sandbox/registration-processor-mz.properties,mosip.biometric.sdk.provider.iris.classname
sandbox/registration-processor-mz.properties,mosip.biometric.sdk.provider.face.classname
sandbox/registration-processor-mz.properties,mosip.regproc.quality.checker.eventbus.kafka.commit.type
sandbox/registration-processor-mz.properties,mosip.regproc.quality.checker.eventbus.kafka.max.poll.records
sandbox/registration-processor-mz.properties,mosip.regproc.quality.checker.eventbus.kafka.poll.frequency
sandbox/registration-processor-mz.properties,mosip.regproc.quality.checker.eventbus.kafka.group.id
sandbox/registration-processor-mz.properties,mosip.regproc.quality.checker.message.expiry-time-limit
sandbox/registration-processor-mz.properties,mosip.regproc.osi.validator.eventbus.kafka.commit.type
sandbox/registration-processor-mz.properties,mosip.regproc.osi.validator.eventbus.kafka.max.poll.records
sandbox/registration-processor-mz.properties,mosip.regproc.osi.validator.eventbus.kafka.poll.frequency
sandbox/registration-processor-mz.properties,mosip.regproc.osi.validator.eventbus.kafka.group.id
sandbox/registration-processor-mz.properties,mosip.regproc.osi.validator.message.expiry-time-limit
sandbox/registration-processor-mz.properties,mosip.regproc.external.eventbus.kafka.commit.type
sandbox/registration-processor-mz.properties,mosip.regproc.external.eventbus.kafka.max.poll.records
sandbox/registration-processor-mz.properties,mosip.regproc.external.eventbus.kafka.poll.frequency
sandbox/registration-processor-mz.properties,mosip.regproc.external.eventbus.kafka.group.id
sandbox/registration-processor-mz.properties,mosip.regproc.external.message.expiry-time-limit
sandbox/registration-processor-mz.properties,mosip.regproc.manual.verification.eventbus.kafka.commit.type
sandbox/registration-processor-mz.properties,mosip.regproc.manual.verification.eventbus.kafka.max.poll.records
sandbox/registration-processor-mz.properties,mosip.regproc.manual.verification.eventbus.kafka.poll.frequency
sandbox/registration-processor-mz.properties,mosip.regproc.manual.verification.eventbus.kafka.group.id
sandbox/registration-processor-mz.properties,mosip.regproc.manual.verification.message.expiry-time-limit
sandbox/registration-processor-mz.properties,packetmanager.name.source.cnie
sandbox/registration-processor-mz.properties,registration.processor.queue.manual.adjudication.response
sandbox/resident-mz.properties,
sandbox/resident-mz.properties,ida.internal.otp.id
sandbox/resident-mz.properties,ida.internal.otp.version
sandbox/resident-mz.properties,resident.rid-otp.id
sandbox/resident-mz.properties,resident.rid-otp.version
sandbox/resident-mz.properties,dmz.ingress.base.url
sandbox/resident-mz.properties,-------Security properties-----------------
sandbox/resident-mz.properties,DIGITAL_CARD_STATUS_URL
sandbox/syncdata-mz.properties,
sandbox/syncdata-mz.properties,iam.datasource.url
sandbox/syncdata-mz.properties,iam.datasource.username
sandbox/syncdata-mz.properties,iam.datasource.password
sandbox/syncdata-mz.properties,iam.datasource.driverClassName
sandbox/syncdata-mz.properties,db_1_DS.datastore.ipaddress
sandbox/syncdata-mz.properties,db_1_DS.datastore.username
sandbox/syncdata-mz.properties,db_1_DS.datastore.password
sandbox/syncdata-mz.properties,db_1_DS.datastore.driverClassName
sandbox/syncdata-mz.properties,db_1_DS.datastore.schema
sandbox/syncdata-mz.properties,db_2_DS.datastore.ipaddress
sandbox/syncdata-mz.properties,db_2_DS.datastore.username
sandbox/syncdata-mz.properties,db_2_DS.datastore.password
sandbox/syncdata-mz.properties,db_2_DS.datastore.driverClassName
sandbox/syncdata-mz.properties,db_2_DS.datastore.schema
sandbox/syncdata-mz.properties,mosip.kernel.sign-url
sandbox/syncdata-mz.properties,syncdata.websub.resubscription.delay.secs
sandbox/syncdata-mz.properties,mosip.kernel.client.crypto.iv-length
sandbox/syncdata-mz.properties,mosip.kernel.client.crypto.aad-length
sandbox/resident-mz.properties,object.store.base.location
