Property file name,key
admin-default.properties,authmanager.base.url
admin-default.properties,mosip.admin.accountmgmt.auth-manager-base-uri
admin-default.properties,auth.server.validate.url
admin-default.properties,auth.server.refreshToken.url
admin-default.properties,javax.persistence.jdbc.password
admin-default.properties,mosip.admin.uinmgmt.uin-detail-search
admin-default.properties,mosip.kernel.audit.manager.api
admin-default.properties,mosip.admin-services.audit.manager.api
admin-default.properties,mosip.admin-services.open-id.clientid
admin-default.properties,mosip.admin-services.open-id.clientsecret
admin-default.properties,mosip.admin-services.redirecturi
admin-default.properties,mosip.admin-services.open-id.authorization_endpoint
admin-default.properties,mosip.admin-services.open-id.token_endpoint
admin-default.properties,mosip.iam.module.clientsecret
admin-default.properties,mosip.iam.module.redirecturi
admin-default.properties,mosip.iam.authorization_endpoint
admin-default.properties,mosip.iam.token_endpoint
admin-default.properties,regproc.token.request.secretKey
admin-default.properties,KEYBASEDTOKENAPI
application-default.properties,aplication.configuration.level.version
application-default.properties,mosip.keycloak.issuerUrl
application-default.properties,auth-token-generator.rest.issuerUrl
application-default.properties,mosip.kernel.keymanager.cert.url
application-default.properties,auth.server.admin.validate.url
application-default.properties,mosip.kernel.auth.appid-realm-map
application-default.properties,hazelcast.config
application-default.properties,CRYPTOMANAGER_DECRYPT
application-default.properties,CRYPTOMANAGER_ENCRYPT
application-default.properties,IDSCHEMAURL
application-default.properties,KEYMANAGER_SIGN
application-default.properties,AUDIT_URL
application-default.properties,logging.level.root
application-default.properties,logging.level.io.vertx
application-default.properties,server.tomcat.accesslog.pattern
application-default.properties,websub.hub.url
application-default.properties,websub.publish.url
application-default.properties,packetmanager.name.source
application-default.properties,kafka.profile
Data-share-default.properties,KEYMANAGER_JWTSIGN
Data-share-default.properties,PARTNER_POLICY
Data-share-default.properties,data.share.token.request.secretKey
Data-share-default.properties,data.share.token.request.issuerUrl
Data-share-default.properties,mosip.data.share.prependThumbprint
kernel-default.properties,mosip.kernel.syncdata.auth-manager-base-uri
kernel-default.properties,mosip.kernel.sms.gateway
kernel-default.properties,spring.mail.host
kernel-default.properties,spring.mail.username
kernel-default.properties,spring.mail.password
kernel-default.properties,mosip.kernel.keymanager.hsm.keystore-pass
kernel-default.properties,otp.manager.api.generate
kernel-default.properties,otp.manager.api.verify
kernel-default.properties,otp.sender.api.email.send
kernel-default.properties,otp.sender.api.sms.send
kernel-default.properties,masterdata.api.template
kernel-default.properties,idrepo.api.getuindetails
kernel-default.properties,mosip.kernel.auth.secret.key
kernel-default.properties,mosip.kernel.ida.secret.key
kernel-default.properties,admin_database_password
kernel-default.properties,syncjob_database_password
kernel-default.properties,audit_database_password
kernel-default.properties,masterdata_database_password
kernel-default.properties,uin_database_password
kernel-default.properties,id_database_password
kernel-default.properties,vid_database_password
kernel-default.properties,prid_database_password
kernel-default.properties,keymanager_database_password
kernel-default.properties,otpmanager_database_password
kernel-default.properties,syncdata_database_password
kernel-default.properties,ridgenerator_database_password
kernel-default.properties,mosip.admin.clientsecret
kernel-default.properties,db_3_DS.keycloak.ipaddress
kernel-default.properties,db_3_DS.keycloak.port
kernel-default.properties,db_3_DS.keycloak.username
kernel-default.properties,db_3_DS.keycloak.password
kernel-default.properties,mosip.keycloak.admin.secret.key
kernel-default.properties,mosip.kernel.prereg.secret.key
kernel-default.properties,kernel.uin.transfer-scheduler-minutes
kernel-default.properties,kernel.uin.transfer-scheduler-hours
kernel-default.properties,datastores
kernel-default.properties,mosip.kernel.keymanager.autogen.appids.list
kernel-default.properties,mosip.kernel.keymanager.keystore.keyreference.enable.cache
kernel-default.properties,mosip.kernel.registrationclient.secret.key
kernel-default.properties,mosip.kernel.authtoken.NEW.internal.url
kernel-default.properties,mosip.kernel.authtoken.OTP.internal.url
kernel-default.properties,mosip.kernel.authtoken.REFRESH.internal.url
kernel-default.properties,mosip.kernel.auth.sendotp.url
kernel-default.properties,syncdata.websub.callback.url.ca-cert
hotlist-default.properties,mosip.hotlist.db.password
hotlist-default.properties,mosip.hotlist.allowedIdTypes
hotlist-default.properties,mosip.hotlist.topic-to-publish
hotlist-default.properties,mosip.hotlist.crypto.app-id
hotlist-default.properties,mosip.hotlist.crypto.ref-id
hotlist-default.properties,mosip.idrepo.audit.rest.uri
hotlist-default.properties,mosip.hotlist.encryptor.rest.uri
hotlist-default.properties,mosip.hotlist.decryptor.rest.uri
hotlist-default.properties,mosip.hotlist.audit.rest.uri
id-authentication-default.properties,mosip.ida.database.password
id-authentication-default.properties,mosip.ida.auth.clientId
id-authentication-default.properties,mosip.ida.auth.secretKey
id-authentication-default.properties,ida.mapping.json.filename
id-authentication-default.properties,mosip.biosdk.default.service.url
id-authentication-default.properties,audit.rest.uri
id-authentication-default.properties,otp-validate.rest.uri
id-authentication-default.properties,otp-generate.rest.uri
id-authentication-default.properties,mail-notification.rest.uri
id-authentication-default.properties,sms-notification.rest.uri
id-authentication-default.properties,rid-uin.rest.uri
id-authentication-default.properties,rid-uin-auth.rest.uri
id-authentication-default.properties,id-pmp-service.rest.uri
id-authentication-default.properties,id-masterdata-title-service.rest.uri
id-authentication-default.properties,id-masterdata-template-service.rest.uri
id-authentication-default.properties,id-masterdata-template-service-multilang.rest.uri
id-authentication-default.properties,ida-websub-authtype-callback-secret
id-authentication-default.properties,ida-websub-credential-issue-callback-secret
id-authentication-default.properties,ida-websub-partner-service-callback-secret
id-authentication-default.properties,ida-websub-hotlist-callback-secret
id-authentication-default.properties,mosip.kernel.tokenid.uin.salt
id-authentication-default.properties,mosip.kernel.tokenid.partnercode.salt
id-repository-default.properties,mosip.idrepo.db.identity.password
id-repository-default.properties,mosip.idrepo.db.vid.password
id-repository-default.properties,kernel.retry.retryable.exceptions
id-repository-default.properties,mosip.idrepo.encryptor.rest.uri
id-repository-default.properties,mosip.idrepo.decryptor.rest.uri
id-repository-default.properties,mosip.idrepo.vid-service.rest.uri
id-repository-default.properties,mosip.idrepo.retrieve-uin-by-vid.rest.uri
id-repository-default.properties,mosip.idrepo.bio-extractor-service.rest.uri
id-repository-default.properties,mosip.idrepo.syncdata-service.rest.uri
id-repository-default.properties,mosip.idrepo.pmp.partner.rest.uri
id-repository-default.properties,mosip.idrepo.pmp.partner.rest.timeout
id-repository-default.properties,mosip.idrepo.credential.request.rest.uri
id-repository-default.properties,mosip.idrepo.credential.request.rest.timeout
id-repository-default.properties,mosip.idrepo.retrieve-by-uin.rest.uri
id-repository-default.properties,mosip.idrepo.vid-generator.rest.uri
id-repository-default.properties,mosip.credential.service.jdbc.password
id-repository-default.properties,credential.request.token.request.appid
id-repository-default.properties,credential.request.token.request.clientId
id-repository-default.properties,credential.request.token.request.secretKey
id-repository-default.properties,credential.request.token.request.issuerUrl
id-repository-default.properties,mosip.credential.request.job.timedelay
id-repository-default.properties,CRDENTIALSERVICE
id-repository-default.properties,CALLBACKURL
id-repository-default.properties,resubscription-delay-secs
id-repository-default.properties,credential.service.token.request.appid
id-repository-default.properties,credential.service.token.request.clientId
id-repository-default.properties,credential.service.token.request.secretKey
id-repository-default.properties,IDREPOGETIDBYID
id-repository-default.properties,KEYMANAGER_ENCRYPT_PIN
id-repository-default.properties,KEYMANAGER_ENCRYPT_ZK
id-repository-default.properties,PARTNER_EXTRACTION_POLICY
id-repository-default.properties,credential.service.token.request.issuerUrl
id-repository-default.properties,object.store.s3.accesskey
id-repository-default.properties,object.store.s3.secretkey
id-repository-default.properties,object.store.s3.region
mimoto-default.properties,public.url
mimoto-default.properties,mosip.resident.base.url
mimoto-default.properties,mosip.event.hubUrl
mimoto-default.properties,token.request.issuerUrl
mimoto-default.properties,AUDIT
mimoto-default.properties,MASTER
mimoto-default.properties,CREATEDATASHARE
mimoto-default.properties,DECRYPTPINBASSED
mimoto-default.properties,mosip.iam.adapter.clientsecret
mimoto-default.properties,auth.server.admin.issuer.uri
mimoto-default.properties,mosip.iam.adapter.issuerURL
partner-management-default.properties,mosip.pmp.database.password
partner-management-default.properties,mosip.authdevice.database.password
partner-management-default.properties,mosip.regdevice.database.password
partner-management-default.properties,mosip.pmp.auth.secretKey
partner-management-default.properties,pms.cert.service.token.request.issuerUrl
partner-management-default.properties,pmp.ca.certificaticate.upload.rest.uri
partner-management-default.properties,pmp.partner.certificaticate.upload.rest.uri
partner-management-default.properties,pmp.partner.certificaticate.get.rest.uri
partner-management-default.properties,pmp-keymanager.upload.other.domain.cert.rest.uri
partner-management-default.properties,pmp.allowed.credential.types
partner-management-default.properties,mosip.iam.module.login_flow.scope
partner-management-default.properties,PASSWORDBASEDTOKENAPI
pre-registration-default.properties,mosip.database.ip
pre-registration-default.properties,logging.level.com.zaxxer.hikari
pre-registration-default.properties,mosip.adult.age
pre-registration-default.properties,demographic.service.env
pre-registration-default.properties,document.service.env
pre-registration-default.properties,booking.service.env
pre-registration-default.properties,preregistration.timespan.rebook
pre-registration-default.properties,preregistration.timespan.cancel
pre-registration-default.properties,mosip.batch.token.authmanager.password
pre-registration-default.properties,batch.appointment.cancel
pre-registration-default.properties,masterdata.service.env
pre-registration-default.properties,holiday.exceptional.url
pre-registration-default.properties,working.day.url
pre-registration-default.properties,mosip.kernel.masterdata.validdoc.rest.uri
pre-registration-default.properties,notification.service.env
pre-registration-default.properties,email.service.env
pre-registration-default.properties,sms.service.env
pre-registration-default.properties,audit.service.env
pre-registration-default.properties,crypto.service.env
pre-registration-default.properties,secretKey
pre-registration-default.properties,kernel.auth.env
pre-registration-default.properties,kernel.prid.env
pre-registration-default.properties,mosip.preregistration.id-schema
pre-registration-default.properties,mosip.base.url
pre-registration-default.properties,ui.config.params
pre-registration-default.properties,preregistration.ui.version
pre-registration-default.properties,mosip.preregistration.captcha.secretkey
print-default.properties,mosip.event.secret
print-default.properties,PDFSIGN
print-default.properties,registration.processor.identityjson
print-default.properties,mosip.print.prependThumbprint
registration-default.properties,mosip.registration.consent_fra
registration-default.properties,mosip.mdm.enabled
registration-default.properties,mosip.kernel.transliteration.arabic-language-code
registration-default.properties,mosip.registration.reset_password_url
registration-processor-default.properties,registration.processor.zone
registration-processor-default.properties,cluster.manager.file.name
registration-processor-default.properties,camel.secure.active.flows.file.names
registration-processor-default.properties,token.request.secretKey
registration-processor-default.properties,INTERNALAUTH
registration-processor-default.properties,DEVICEVALIDATEHISTORY
registration-processor-default.properties,IDREPOSITORY
registration-processor-default.properties,IDREPOGETIDBYUIN
registration-processor-default.properties,UINGENERATOR
registration-processor-default.properties,RETRIEVEIDENTITYFROMRID
registration-processor-default.properties,RETRIEVEIDENTITY
registration-processor-default.properties,CREATEVID
registration-processor-default.properties,GETUINBYVID
registration-processor-default.properties,CREDENTIALREQUEST
registration-processor-default.properties,GETVIDSBYUIN
registration-processor-default.properties,ENCRYPTURL
registration-processor-default.properties,ENCRYPTIONSERVICE
registration-processor-default.properties,DIGITALSIGNATURE
registration-processor-default.properties,CRYPTOMANAGERDECRYPT
registration-processor-default.properties,SMSNOTIFIER
registration-processor-default.properties,EMAILNOTIFIER
registration-processor-default.properties,PMS
registration-processor-default.properties,registration.processor.queue.password
registration-processor-default.properties,IDAUTHENCRYPTION
registration-processor-default.properties,IDAUTHPUBLICKEY
registration-processor-default.properties,IDAUTHCERTIFICATE
registration-processor-default.properties,ida-internal-auth-uri
registration-processor-default.properties,ida-internal-get-certificate-uri
registration-processor-default.properties,DATASHARECREATEURL
registration-processor-default.properties,DATASHAREGETEURL
registration-processor-default.properties,mosip.regproc.eventbus.kafka.bootstrap.servers
registration-processor-default.properties,mosip.regproc.camel.bridge.eventbus.kafka.group.id
registration-processor-default.properties,mosip.regproc.packet.uploader.eventbus.kafka.max.poll.records
registration-processor-default.properties,mosip.regproc.packet.uploader.eventbus.kafka.poll.frequency
registration-processor-default.properties,mosip.regproc.packet.validator.eventbus.kafka.commit.type
registration-processor-default.properties,mosip.regproc.packet.validator.eventbus.kafka.max.poll.records
registration-processor-default.properties,mosip.regproc.packet.validator.eventbus.kafka.poll.frequency
registration-processor-default.properties,mosip.regproc.packet.classifier.eventbus.kafka.max.poll.records
registration-processor-default.properties,mosip.regproc.demo.dedupe.eventbus.kafka.max.poll.records
registration-processor-default.properties,mosip.regproc.demo.dedupe.eventbus.kafka.poll.frequency
registration-processor-default.properties,mosip.regproc.abis.handler.eventbus.kafka.max.poll.records
registration-processor-default.properties,mosip.regproc.bio.dedupe.eventbus.kafka.commit.type
registration-processor-default.properties,mosip.regproc.bio.dedupe.eventbus.kafka.max.poll.records
registration-processor-default.properties,mosip.regproc.uin.generator.eventbus.kafka.commit.type
registration-processor-default.properties,mosip.regproc.uin.generator.eventbus.kafka.max.poll.records
registration-processor-default.properties,mosip.regproc.uin.generator.eventbus.kafka.poll.frequency
registration-processor-default.properties,mosip.regproc.abis.middleware.eventbus.kafka.poll.frequency
registration-processor-default.properties,mosip.regproc.biometric.authentication.eventbus.kafka.max.poll.records
registration-processor-default.properties,mosip.regproc.message.sender.eventbus.kafka.max.poll.records
registration-processor-default.properties,mosip.regproc.printing.eventbus.kafka.max.poll.records
registration-processor-default.properties,mosip.regproc.packet.classifier.tag-generators
registration-processor-default.properties,mosip.regproc.packet.classifier.tagging.metainfo.operationsdata.tag-labels
resident-default.properties,mosip.resident.service.status.check.id
resident-default.properties,DECRYPT_API_URL
resident-default.properties,resident.secretKey
resident-default.properties,KERNELAUTHMANAGER
resident-default.properties,INTERNALAUTHTRANSACTIONS
resident-default.properties,KERNELENCRYPTIONSERVICE
resident-default.properties,IDAUTHCREATEVID
resident-default.properties,IDAUTHREVOKEVID
resident-default.properties,IDREPOGETIDBYRID
resident-default.properties,RIDGENERATION
resident-default.properties,MIDSCHEMAURL
resident-default.properties,SYNCSERVICE
resident-default.properties,AUTHTYPESTATUSUPDATE
resident-default.properties,POLICY_REQ_URL
resident-default.properties,OTP_GEN_URL
resident-default.properties,CREDENTIAL_STATUS_URL
resident-default.properties,CREDENTIAL_REQ_URL
resident-default.properties,CREDENTIAL_CANCELREQ_URL
resident-default.properties,CREDENTIAL_TYPES_URL
resident-default.properties,PARTNER_API_URL
resident-default.properties,resident.identityjson
Syncdata-default.properties,licensekeymanager_database_password
application-default.properties,mosip.supported-languages
