Property file name,key
kernel-default.properties,subscriptions-delay-on-startup
registration-processor-default.properties,packetmanager.provider.uingenerator.province
registration-processor-default.properties,packetmanager.provider.uingenerator.czone
registration-processor-default.properties,packetmanager.provider.uingenerator.dateOfBirth
registration-processor-default.properties,packetmanager.provider.uingenerator.middleName
registration-processor-default.properties,packetmanager.provider.uingenerator.email
registration-processor-default.properties,packetmanager.provider.uingenerator.proofOfRelationship
registration-processor-default.properties,packetmanager.provider.uingenerator.cpostalCode
registration-processor-default.properties,packetmanager.provider.uingenerator.firstName
registration-processor-default.properties,packetmanager.provider.uingenerator.postalCode
registration-processor-default.properties,packetmanager.provider.uingenerator.proofOfException
registration-processor-default.properties,packetmanager.provider.uingenerator.addressLine2
registration-processor-default.properties,packetmanager.provider.uingenerator.individualBiometrics[Finger]
registration-processor-default.properties,packetmanager.provider.uingenerator.addressLine1
registration-processor-default.properties,packetmanager.provider.uingenerator.addressLine4
registration-processor-default.properties,packetmanager.provider.uingenerator.caddressLine1
registration-processor-default.properties,packetmanager.provider.uingenerator.cregion
registration-processor-default.properties,packetmanager.provider.uingenerator.residenceStatus
registration-processor-default.properties,packetmanager.provider.uingenerator.maritalStatus
registration-processor-default.properties,packetmanager.provider.uingenerator.IDSchemaVersion
registration-processor-default.properties,packetmanager.provider.uingenerator.ccity
registration-processor-default.properties,packetmanager.provider.uingenerator.modeOfClaim
registration-processor-default.properties,packetmanager.provider.uingenerator.proofOfDateOfBirth
registration-processor-default.properties,packetmanager.provider.uingenerator.caddressLine3
registration-processor-default.properties,packetmanager.provider.uingenerator.referenceIdentityNumber
registration-processor-default.properties,packetmanager.provider.uingenerator.individualBiometrics[Iris]
registration-processor-default.properties,packetmanager.provider.uingenerator.region
registration-processor-default.properties,packetmanager.provider.uingenerator.lastName
registration-processor-default.properties,packetmanager.provider.uingenerator.proofOfIdentity
registration-processor-default.properties,packetmanager.provider.uingenerator.UIN
registration-processor-default.properties,packetmanager.provider.uingenerator.zone
registration-processor-default.properties,packetmanager.provider.uingenerator.gender
registration-processor-default.properties,registration.processor.reprocess.minutes
registration-processor-default.properties,registration.processor.queue.username
registration-processor-default.properties,packetmanager.provider.uingenerator.phone
registration-processor-default.properties,packetmanager.provider.uingenerator.proofOfAddress
registration-processor-default.properties,packetmanager.provider.uingenerator.addressLine3
registration-processor-default.properties,packetmanager.provider.uingenerator.bloodType
registration-processor-default.properties,packetmanager.provider.uingenerator.city
registration-processor-default.properties,packetmanager.provider.uingenerator.individualBiometrics[Face]
registration-processor-default.properties,packetmanager.provider.uingenerator.caddressLine2
registration-processor-default.properties,packetmanager.provider.uingenerator.caddressLine4
registration-processor-default.properties,packetmanager.provider.uingenerator.cprovince
registration-processor-default.properties,packetmanager.provider.uingenerator.suffix
registration-processor-default.properties,packetmanager.provider.uingenerator.registrationType
registration-processor-default.properties,packetmanager.provider.uingenerator.parentOrGuardianUIN
registration-processor-default.properties,packetmanager.provider.uingenerator.parentOrGuardianRID
registration-processor-default.properties,registration.processor.reprocess.elapse.time
registration-processor-default.properties,registration.processor.reprocess.hours
registration-processor-default.properties,registration.processor.LANDING_ZONE
registration-processor-default.properties,mosip.regproc.packet.classifier.tagging.agegroup.ranges
registration-default.properties,mosip.registration.num_of_fingerprint_retries
registration-default.properties,mosip.registration.num_of_iris_retries
registration-default.properties,mosip.registration.num_of_face_retries
registration-default.properties,mosip.registration.leftslap_fingerprint_threshold
registration-default.properties,mosip.registration.rightslap_fingerprint_threshold
registration-default.properties,mosip.registration.thumbs_fingerprint_threshold
registration-default.properties,mosip.registration.iris_threshold
registration-default.properties,mosip.registration.face_threshold
registration-default.properties,mosip.registration.document_size
registration-default.properties,mosip.registration.uin.update.configured.fields
registration-default.properties,mosip.registration.pre_reg_no_of_days_limit
registration-default.properties,mosip.registration.capture_time_out
registration-default.properties,mosip.registration.reg_pak_max_cnt_apprv_limit
registration-default.properties,mosip.registration.reg_pak_max_time_apprv_limit
registration-default.properties,mosip.registration.audit_log_deletion_configured_days
registration-default.properties,mosip.registration.reg_deletion_configured_days
registration-default.properties,mosip.registration.pre_reg_deletion_configured_days
registration-default.properties,mosip.registration.sync_transaction_no_of_days_limit
registration-default.properties,mosip.registration.last_export_registration_config_time
registration-default.properties,mosip.registration.registration_packet_store_location
registration-default.properties,mosip.registration.registration_pre_reg_packet_location
registration-default.properties,mosip.registration.mds.deduplication.enable.flag
registration-default.properties,mosip.registration.max_age
registration-default.properties,mosip.registration.mdm.portRangeFrom
registration-default.properties,mosip.registration.mdm.portRangeTo
registration-default.properties,mosip.registration.server_profile
application-default.properties,mosip.right_to_left_orientation
application-default.properties,mosip.left_to_right_orientation
application-default.properties,mosip.kernel.keygenerator.symmetric-key-length
application-default.properties,mosip.kernel.keygenerator.asymmetric-key-length
application-default.properties,mosip.kernel.keygenerator.asymmetric-algorithm-name
application-default.properties,mosip.kernel.keygenerator.symmetric-algorithm-name
application-default.properties,mosip.kernel.crypto.symmetric-algorithm-name
application-default.properties,mosip.kernel.crypto.asymmetric-algorithm-name
application-default.properties,mosip.kernel.crypto.gcm-tag-length
application-default.properties,mosip.kernel.crypto.hash-symmetric-key-length
application-default.properties,mosip.kernel.crypto.hash-algorithm-name
application-default.properties,mosip.kernel.crypto.sign-algorithm-name
application-default.properties,mosip.kernel.crypto.hash-iteration
application-default.properties,mosip.kernel.data-key-splitter
application-default.properties,mosip.kernel.signature.signature-request-id
application-default.properties,mosip.kernel.signature.signature-version-id
application-default.properties,mosip.kernel.prid.restricted-numbers
application-default.properties,mosip.kernel.prid.length
application-default.properties,mosip.kernel.prid.sequence-limit
application-default.properties,mosip.kernel.prid.repeating-block-limit
application-default.properties,mosip.kernel.prid.repeating-limit
application-default.properties,mosip.kernel.prid.not-start-with
application-default.properties,mosip.kernel.uin.length
application-default.properties,mosip.kernel.uin.restricted-numbers
application-default.properties,mosip.kernel.uin.length.repeating-block-limit
application-default.properties,mosip.kernel.uin.length.sequence-limit
application-default.properties,mosip.kernel.uin.length.repeating-limit
application-default.properties,mosip.kernel.uin.length.conjugative-even-digits-limit
application-default.properties,mosip.kernel.uin.length.reverse-digits-limit
application-default.properties,mosip.kernel.uin.length.digits-limit
application-default.properties,mosip.kernel.vid.restricted-numbers
application-default.properties,mosip.kernel.vid.not-start-with
application-default.properties,mosip.kernel.vid.length.repeating-limit
application-default.properties,mosip.kernel.vid.length.repeating-block-limit
application-default.properties,mosip.kernel.vid.length.sequence-limit
application-default.properties,mosip.kernel.vid.length
application-default.properties,mosip.kernel.registrationcenterid.length
application-default.properties,mosip.kernel.machineid.length
application-default.properties,mosip.kernel.rid.length
application-default.properties,mosip.kernel.rid.timestamp-length
application-default.properties,mosip.kernel.rid.sequence-length
application-default.properties,mosip.kernel.otp.expiry-time
application-default.properties,mosip.primary-language
application-default.properties,mosip.secondary-language
application-default.properties,mosip.kernel.applicant.type.age.limit
application-default.properties,mosip.idrepo.identity.allowedBioAttributes
application-default.properties,mosip.idrepo.identity.bioAttributes
application-default.properties,mosip.supported-languages
application-default.properties,mosip.right_to_left_orientation
application-default.properties,mosip.left_to_right_orientation
application-default.properties,mosip.kernel.applicant.type.age.limit
id-authentication-default.properties,otp.request.flooding.duration
id-authentication-default.properties,otp.request.flooding.max-count
pre-registration-default.properties,preregistration.availability.sync
pre-registration-default.properties,mosip.preregistration.captcha.enable
pre-registration-default.properties,latestidschema.service.contextpath
syncdata-default.properties,subscriptions-delay-on-startup
application-default.properties,mosip.stage.environment
application-default.properties,mosip.keycloak.max-no-of-users
application-default.properties,mosip.recommended.centers.locCode
application-default.properties,mosip.country.code
application-default.properties,mosip.notification.timezone
application-default.properties,mosip.kernel.applicant.type.age.limit
application-default.properties,mosip.kernel.filtervalue.max_columns
resident-default.properties,resident.machine.id
