Property file name,Key,Property Category
admin-default.properties,authmanager.base.url,URL
admin-default.properties,mosip.admin.accountmgmt.auth-manager-base-uri,URL
admin-default.properties,mosip.kernel.signature.cryptomanager-encrypt-url,URL
admin-default.properties,auth.server.validate.url,URL
admin-default.properties,auth.server.refreshToken.url,URL
admin-default.properties,javax.persistence.jdbc.url,URL
admin-default.properties,javax.persistence.jdbc.password,Key
admin-default.properties,auth.server.user-register-url,URL
admin-default.properties,mosip.kernel.emailnotifier-url,URL
admin-default.properties,auth.server.sendotp-url,URL
admin-default.properties,auth.server.user-add-password-url,URL
admin-default.properties,mosip.admin.security.policy.userrole-auth-url,URL
admin-default.properties,mosip.admin.uinmgmt.uin-detail-search,URL
admin-default.properties,mosip.mosip.kernel.packet-status-update-url,URL
admin-default.properties,mosip.kernel.packet-reciever-api-url,URL
admin-default.properties,mosip.kernel.zone-validation-url,URL
admin-default.properties,mosip.kernel.audit.manager.api,URL
admin-default.properties,mosip.kernel.masterdata.audit-url,URL
admin-default.properties,mosip.admin-services.audit.manager.api,URL
admin-default.properties,mosip.open-id.base-url,URL
admin-default.properties,mosip.admin-services.open-id.clientsecret,Key
admin-default.properties,mosip.admin-services.redirecturi,URL
admin-default.properties,mosip.admin-services.open-id.authorization_endpoint,URL
admin-default.properties,mosip.admin-services.open-id.token_endpoint,URL
admin-default.properties,mosip.iam.module.clientsecret,Key
admin-default.properties,mosip.iam.module.redirecturi,URL
admin-default.properties,mosip.iam.authorization_endpoint,URL
admin-default.properties,mosip.iam.token_endpoint,URL
admin-default.properties,mosip.iam.certs_endpoint,URL
admin-default.properties,regproc.token.request.secretKey,Key
admin-default.properties,KEYBASEDTOKENAPI,URL
admin-default.properties,mosip.iam.adapter.clientsecret,Key
admin-default.properties,mosip.iam.adapter.issuerURL,URL
admin-default.properties,mosip.authmanager.client-token-endpoint,URL
admin-default.properties,LOST_RID_API,URL
admin-default.properties,auth.server.admin.issuer.uri,URL
admin-default.properties,MACHINE_GET_API,URL
admin-default.properties,CRYPTOMANAGERDECRYPT_API,URL
admin-default.properties,CRYPTOMANAGER_DECRYPT,URL
admin-default.properties,CRYPTOMANAGER_ENCRYPT,URL
admin-default.properties,mosip.kernel.syncdata-service-get-tpm-publicKey-url,URL
admin-default.properties,mosip.admin.packetupload.packetsync.url,URL
admin-default.properties,mosip.kernel.keymanager.generatecsr,URL
admin-default.properties,mosip.kernel.keymanager.getcertificate,URL
admin-default.properties,mosip.kernel.keymanager.uploadcertificate,URL
admin-default.properties,mosip.kernel.keymanager.uploadotherdomaincertificate,URL
admin-default.properties,auth.allowed.urls,URL
admin-default.properties,mosip.admin.base.url,URL
application-default.properties,mosipbox.public.url,URL
application-default.properties,mosip.api.internal.url,URL
application-default.properties,mosip.api.public.url,URL
application-default.properties,mosip.kernel.authmanager.url,URL
application-default.properties,mosip.kernel.masterdata.url,URL
application-default.properties,mosip.kernel.keymanager.url,URL
application-default.properties,mosip.kernel.auditmanager.url,URL
application-default.properties,mosip.kernel.notification.url,URL
application-default.properties,mosip.kernel.idgenerator.url,URL
application-default.properties,mosip.kernel.otpmanager.url,URL
application-default.properties,mosip.kernel.syncdata.url,URL
application-default.properties,mosip.kernel.pridgenerator.url,URL
application-default.properties,mosip.kernel.ridgenerator.url,URL
application-default.properties,mosip.idrepo.identity.url,URL
application-default.properties,mosip.idrepo.vid.url,URL
application-default.properties,mosip.admin.hotlist.url,URL
application-default.properties,mosip.admin.service.url,URL
application-default.properties,mosip.admin.ui.url,URL
application-default.properties,mosip.pms.policymanager.url,URL
application-default.properties,mosip.pms.partnermanager.url,URL
application-default.properties,mosip.pms.ui.url,URL
application-default.properties,mosip.idrepo.credrequest.generator.url,URL
application-default.properties,mosip.idrepo.credential.service.url,URL
application-default.properties,mosip.datashare.url,URL
application-default.properties,mosip.mock.biosdk.url,URL
application-default.properties,mosip.idrepo.biosdk.url,URL
application-default.properties,mosip.regproc.workflow.url,URL
application-default.properties,mosip.regproc.status.service.url,URL
application-default.properties,mosip.regproc.transaction.service.url,URL
application-default.properties,mosip.packet.receiver.url,URL
application-default.properties,mosip.websub.url,URL
application-default.properties,mosip.consolidator.url,URL
application-default.properties,mosip.file.server.url,URL
application-default.properties,mosip.ida.internal.url,URL
application-default.properties,mosip.ida.auth.url,URL
application-default.properties,mosip.ida.otp.url,URL
application-default.properties,mosip.resident.url,URL
application-default.properties,mosip.artifactory.url,URL
application-default.properties,mosip.digitalcard.service.url,URL
application-default.properties,config.server.file.storage.uri,URL
application-default.properties,mosip.idobjectvalidator.masterdata.rest.uri,URL
application-default.properties,mosip.kernel.xsdstorage-uri,URL
application-default.properties,mosip.kernel.config.server.file.storage.uri,URL
application-default.properties,auth.server.validate.url,URL
application-default.properties,auth.server.admin.issuer.internal.uri,URL
application-default.properties,auth.server.admin.issuer.uri,URL
application-default.properties,auth-token-generator.rest.issuerUrl,URL
application-default.properties,mosip.keycloak.issuerUrl,URL
application-default.properties,mosip.kernel.keymanager-service-publickey-url,URL
application-default.properties,mosip.kernel.keymanager-service-decrypt-url,URL
application-default.properties,mosip.kernel.keymanager-service-auth-decrypt-url,URL
application-default.properties,mosip.kernel.keymanager-service-sign-url,URL
application-default.properties,mosip.kernel.keymanager.cert.url,URL
application-default.properties,mosip.kernel.keymanager-service-CsSign-url,URL
application-default.properties,mosip.kernel.virus-scanner.host,URL
application-default.properties,auth.server.admin.validate.url,URL
application-default.properties,mosip.kernel.pdf_owner_password,Key
application-default.properties,mosip.kernel.syncdata-service-idschema-url,URL
application-default.properties,mosip.kernel.syncdata-service-dynamicfield-url,URL
application-default.properties,mosip.kernel.syncdata-service-get-tpm-publicKey-url,URL
application-default.properties,mosip.kernel.keymanager-service-validate-url,URL
application-default.properties,mosip.kernel.keymanager-service-csverifysign-url,URL
application-default.properties,object.store.swift.password,Key
application-default.properties,object.store.swift.url,URL
application-default.properties,CRYPTOMANAGER_DECRYPT,URL
application-default.properties,CRYPTOMANAGER_ENCRYPT,URL
application-default.properties,IDSCHEMAURL,URL
application-default.properties,KEYMANAGER_SIGN,URL
application-default.properties,AUDIT_URL,URL
application-default.properties,websub.hub.url,URL
application-default.properties,websub.publish.url,URL
application-default.properties,mosip.identity.mapping-file,URL
application-default.properties,openapi.service.servers[0].url,URL
application-default.properties,mosip.digitalcard.uincard.password,Key
credential-request-default.properties,mosip.idrepo.credential-req-generator.auth.secret-key,Key
credential-request-default.properties,mosip.iam.adapter.clientsecret.credential-request,Key
credential-service-default.properties,mosip.idrepo.credential.auth.secret-key,Key
credential-service-default.properties,mosip.iam.adapter.clientsecret.credential-service,Key
credential-service-default.properties,mosip.credential.service.vercred.context.url.map,URL
credential-service-default.properties,mosip.credential.service.vercred.id.url,URL
credential-service-default.properties,mosip.credential.service.vercred.issuer.url,URL
credential-service-default.properties,KEYMANAGER_VERCRED_SIGN,URL
credential-service-default.properties,mosip.credential.service.vercred.proof.verificationmethod,URL
credential-service-default.properties,KEYMANAGER_VERCRED_SIGN,URL
credential-service-default.properties,GENERATE_VID,URL
credential-service-default.properties,RETRIEVE_VID,URL
data-share-default.properties,CRYPTOMANAGER_ENCRYPT,URL
data-share-default.properties,KEYMANAGER_JWTSIGN,URL
data-share-default.properties,PARTNER_POLICY,URL
data-share-default.properties,KEYBASEDTOKENAPI,URL
data-share-default.properties,data.share.token.request.secretKey,Key
data-share-default.properties,data.share.token.request.password,Key
data-share-default.properties,data.share.token.request.issuerUrl,URL
data-share-default.properties,object.store.s3.accesskey,Key
data-share-default.properties,object.store.s3.secretkey,Key
data-share-default.properties,object.store.s3.url,URL
digital-card-default.properties,mosip.digitalcard.database.hostname,URL
digital-card-default.properties,mosip.digitalcard.websub.secret,Key
digital-card-default.properties,mosip.digitalcard.generate.identity.create.callbackurl,URL
digital-card-default.properties,mosip.digitalcard.generate.identity.update.callbackurl,URL
digital-card-default.properties,mosip.digitalcard.generate.credential.callbackurl,URL
digital-card-default.properties,digitalcard.token.request.secretKey,Key
digital-card-default.properties,digitalcard.token.request.issuerUrl,URL
digital-card-default.properties,KEYBASEDTOKENAPI,URL
digital-card-default.properties,javax.persistence.jdbc.url,URL
digital-card-default.properties,javax.persistence.jdbc.password,Key
digital-card-default.properties,CRYPTOMANAGER_ENCRYPT,URL
digital-card-default.properties,CRYPTOMANAGER_DECRYPT,URL
digital-card-default.properties,CREATEDATASHARE,URL
digital-card-default.properties,TEMPLATES,URL
digital-card-default.properties,CREDENTIAL_REQ_URL,URL
digital-card-default.properties,CREDENTIAL_STATUS_URL,URL
digital-card-default.properties,IDREPOGETIDBYUIN,URL
digital-card-default.properties,PDFSIGN,URL
digital-card-default.properties,mosip.iam.adapter.clientsecret,Key
digital-card-default.properties,mosip.iam.adapter.issuerURL,URL
digital-card-default.properties,mosip.authmanager.base-url,URL
digital-card-default.properties,mosip.authmanager.client-token-endpoint,URL
hotlist-default.properties,mosip.hotlist.db.password,Key
hotlist-default.properties,mosip.hotlist.datasource.password,Key
hotlist-default.properties,mosip.hotlist.datasource.url,URL
hotlist-default.properties,mosip.admin.hotlist.auth.secret-key,Key
hotlist-default.properties,mosip.iam.adapter.clientsecret.HOTLIST,Key
hotlist-default.properties,mosip.authmanager.client-token-endpoint,URL
hotlist-default.properties,mosip.idrepo.audit.rest.uri,URL
hotlist-default.properties,mosip.hotlist.encryptor.rest.uri,URL
hotlist-default.properties,mosip.hotlist.decryptor.rest.uri,URL
hotlist-default.properties,mosip.hotlist.audit.rest.uri,URL
id-authentication-default.properties,mosip.ida.auth.secretKey,Key
id-authentication-default.properties,mosip.ida.database.hostname,URL
id-authentication-default.properties,mosip.ida.database.password,Key
id-authentication-default.properties,javax.persistence.jdbc.url,URL
id-authentication-default.properties,javax.persistence.jdbc.password,Key
id-authentication-default.properties,mosip.ida.mapping.json-uri,URL
id-authentication-default.properties,ida.mapping.property.source,URL
id-authentication-default.properties,mosip.idp.amr-acr.mapping.json-uri,URL
id-authentication-default.properties,idp.amr-acr.ida.mapping.property.source,URL
id-authentication-default.properties,mosip.biosdk.default.service.url,URL
id-authentication-default.properties,mosip.biometric.sdk.providers.finger.mosip-ref-impl-sdk-client.format.url.default,URL
id-authentication-default.properties,mosip.biometric.sdk.providers.iris.mosip-ref-impl-sdk-client.format.url.default,URL
id-authentication-default.properties,mosip.biometric.sdk.providers.face.mosip-ref-impl-sdk-client.format.url.default,URL
id-authentication-default.properties,audit.rest.uri,URL
id-authentication-default.properties,otp-validate.rest.uri,URL
id-authentication-default.properties,otp-generate.rest.uri,URL
id-authentication-default.properties,mail-notification.rest.uri,URL
id-authentication-default.properties,sms-notification.rest.uri,URL
id-authentication-default.properties,rid-uin.rest.uri,URL
id-authentication-default.properties,rid-uin-auth.rest.uri,URL
id-authentication-default.properties,id-pmp-service.rest.uri,URL
id-authentication-default.properties,data-share-get.rest.uri,URL
id-authentication-default.properties,id-masterdata-title-service.rest.uri,URL
id-authentication-default.properties,id-masterdata-template-service.rest.uri,URL
id-authentication-default.properties,id-masterdata-template-service-multilang.rest.uri,URL
id-authentication-default.properties,ida-websub-authtype-callback-secret,Key
id-authentication-default.properties,ida-websub-credential-issue-callback-secret,Key
id-authentication-default.properties,ida-websub-partner-service-callback-secret,Key
id-authentication-default.properties,ida-websub-hotlist-callback-secret,Key
id-authentication-default.properties,ida-websub-masterdata-templates-callback-secret,Key
id-authentication-default.properties,ida-websub-masterdata-titles-callback-secret,Key
id-authentication-default.properties,ida-websub-credential-issue-callback-url,URL
id-authentication-default.properties,ida-websub-partner-service-callback-url,URL
id-authentication-default.properties,ida-websub-partner-service-apikey-approved-callback-relative-url,URL
id-authentication-default.properties,ida-websub-partner-service-partner-updated-callback-relative-url,URL
id-authentication-default.properties,ida-websub-partner-service-policy-updated-callback-relative-url,URL
id-authentication-default.properties,ida-websub-partner-service-partner-api-key-updated-callback-relative-url,URL
id-authentication-default.properties,ida-websub-partner-service-misp-license-generated-callback-relative-url,URL
id-authentication-default.properties,ida-websub-partner-service-misp-license-updated-callback-relative-url,URL
id-authentication-default.properties,ida-websub-partner-service-oidc-client-created-callback-relative-url,URL
id-authentication-default.properties,ida-websub-partner-service-oidc-client-updated-callback-relative-url,URL
id-authentication-default.properties,mosip.kernel.keymanager.hsm.keystore-pass,Key
id-authentication-default.properties,mosip.iam.adapter.clientsecret,Key
id-authentication-default.properties,keymanager_database_url,URL
id-authentication-default.properties,keymanager_database_password,Key
id-authentication-default.properties,cred-request-service-get-request-ids.rest.uri,URL
id-authentication-default.properties,cred-request-service-retrigger-cred-issuance.rest.uri,URL
id-authentication-default.properties,auth.server.admin.issuer.uri,URL
id-authentication-default.properties,auth.server.validate.url,URL
id-authentication-default.properties,auth-token-generator.rest.issuerUrl,URL
id-authentication-default.properties,mosip.ida.allowed.domain.uris,URL
id-authentication-default.properties,mosip.ida.kyc.token.secret,Key
id-authentication-external-default.properties,ida-websub-masterdata-templates-callback-relative-url,URL
id-authentication-external-default.properties,ida-websub-masterdata-templates-callback-url,URL
id-authentication-external-default.properties,ida-websub-masterdata-titles-callback-relative-url,URL
id-authentication-external-default.properties,ida-websub-masterdata-titles-callback-url,URL
id-authentication-external-default.properties,ida-websub-ca-cert-callback-relative-url,URL
id-authentication-external-default.properties,ida-websub-ca-cert-callback-url,URL
id-authentication-external-default.properties,ida-websub-ca-certificate-callback-secret,Key
id-authentication-internal-default.properties,ida-websub-masterdata-templates-callback-relative-url,URL
id-authentication-internal-default.properties,ida-websub-masterdata-templates-callback-url,URL
id-authentication-internal-default.properties,ida-websub-masterdata-titles-callback-relative-url,URL
id-authentication-internal-default.properties,ida-websub-masterdata-titles-callback-url,URL
id-authentication-internal-default.properties,ida-websub-hotlist-callback-relative-url,URL
id-authentication-internal-default.properties,ida-websub-hotlist-callback-url,URL
id-authentication-internal-default.properties,ida-websub-auth-type-callback-relative-url,URL
id-authentication-internal-default.properties,ida-websub-auth-type-callback-url,URL
id-authentication-internal-default.properties,ida-websub-idchage-callback-url,URL
id-authentication-internal-default.properties,ida-websub-idchange-credential-issued-callback-relative-url,URL
id-authentication-internal-default.properties,ida-websub-idchange-remove-id-callback-relative-url,URL
id-authentication-internal-default.properties,ida-websub-idchange-deactivate-id-callback-relative-url,URL
id-authentication-internal-default.properties,ida-websub-idchange-activate-id-callback-relative-url,URL
id-authentication-internal-default.properties,ida-websub-ca-cert-callback-relative-url,URL
id-authentication-internal-default.properties,ida-websub-ca-cert-callback-url,URL
id-authentication-internal-default.properties,ida-websub-ca-certificate-callback-secret,Key
id-authentication-otp-default.properties,ida-websub-masterdata-templates-callback-relative-url,URL
id-authentication-otp-default.properties,ida-websub-masterdata-templates-callback-url,URL
id-authentication-otp-default.properties,ida-websub-masterdata-titles-callback-relative-url,URL
id-authentication-otp-default.properties,ida-websub-masterdata-titles-callback-url,URL
id-authentication-otp-default.properties,ida-websub-ca-cert-callback-relative-url,URL
id-authentication-otp-default.properties,ida-websub-ca-cert-callback-url,URL
id-authentication-otp-default.properties,ida-websub-ca-certificate-callback-secret,Key
id-repository-default.properties,mosip.idrepo.db.url,URL
id-repository-default.properties,mosip.idrepo.db.identity.password,Key
id-repository-default.properties,mosip.idrepo.db.vid.password,Key
id-repository-default.properties,mosip.idrepo.auth.secret-key,Key
id-repository-default.properties,mosip.idrepo.identity.db.url,URL
id-repository-default.properties,mosip.idrepo.identity.db.password,Key
id-repository-default.properties,mosip.idrepo.vid.db.url,URL
id-repository-default.properties,mosip.idrepo.vid.db.password,Key
id-repository-default.properties,mosip.idrepo.mosip-config-url,URL
id-repository-default.properties,mosip.idrepo.vid.policy-schema-url,URL
id-repository-default.properties,mosip.idrepo.vid.policy-file-url,URL
id-repository-default.properties,mosip.idrepo.audit.rest.uri,URL
id-repository-default.properties,mosip.idrepo.encryptor.rest.uri,URL
id-repository-default.properties,mosip.idrepo.decryptor.rest.uri,URL
id-repository-default.properties,mosip.idrepo.vid-service.rest.uri,URL
id-repository-default.properties,mosip.idrepo.retrieve-uin-by-vid.rest.uri,URL
id-repository-default.properties,mosip.idrepo.bio-extractor-service.rest.uri,URL
id-repository-default.properties,mosip.idrepo.syncdata-service.rest.uri,URL
id-repository-default.properties,mosip.idrepo.pmp.partner.rest.uri,URL
id-repository-default.properties,mosip.idrepo.credential.request.rest.uri,URL
id-repository-default.properties,mosip.idrepo.credential.cancel-request.rest.uri,URL
id-repository-default.properties,mosip.idrepo.retrieve-by-uin.rest.uri,URL
id-repository-default.properties,mosip.idrepo.vid-generator.rest.uri,URL
id-repository-default.properties,mosip.idrepo.websub.vid-credential-update.callback-url,URL
id-repository-default.properties,mosip.iam.adapter.clientsecret.id-repository,Key
id-repository-default.properties,mosip.idrepo.websub.vid-credential-update.secret,Key
id-repository-default.properties,mosip.idrepo.uin-generator.rest.uri,URL
id-repository-default.properties,mosip.idrepo.draft-vid.rest.uri,URL
id-repository-default.properties,mosip.idrepo.update-vid.rest.uri,URL
id-repository-default.properties,mosip.credential.service.database.hostname,URL
id-repository-default.properties,mosip.credential.service.jdbc.url,URL
id-repository-default.properties,mosip.credential.service.jdbc.password,Key
id-repository-default.properties,credential.request.token.request.secretKey,Key
id-repository-default.properties,credential.request.token.request.issuerUrl,URL
id-repository-default.properties,CRDENTIALSERVICE,URL
id-repository-default.properties,KEYBASEDTOKENAPI,URL
id-repository-default.properties,CALLBACKURL,URL
id-repository-default.properties,ENCRYPTION,URL
id-repository-default.properties,DECRYPTION,URL
id-repository-default.properties,credential.service.token.request.secretKey,Key
id-repository-default.properties,IDREPOGETIDBYID,URL
id-repository-default.properties,CREATEDATASHARE,URL
id-repository-default.properties,KEYMANAGER_JWTSIGN,URL
id-repository-default.properties,KEYMANAGER_ENCRYPT_PIN,URL
id-repository-default.properties,KEYMANAGER_ENCRYPT_ZK,URL
id-repository-default.properties,PARTNER_POLICY,URL
id-repository-default.properties,PARTNER_EXTRACTION_POLICY,URL
id-repository-default.properties,credential.service.token.request.issuerUrl,URL
id-repository-default.properties,mosip.biosdk.default.service.url,URL
id-repository-default.properties,mosip.biometric.sdk.providers.finger.mosip-ref-impl-sdk-client.format.url.default,URL
id-repository-default.properties,mosip.biometric.sdk.providers.iris.mosip-ref-impl-sdk-client.format.url.mock-1.1,URL
id-repository-default.properties,mosip.biometric.sdk.providers.face.mosip-ref-impl-sdk-client.format.url.mock-1.1,URL
id-repository-default.properties,object.store.s3.accesskey,Key
id-repository-default.properties,object.store.s3.secretkey,Key
id-repository-default.properties,object.store.s3.url,URL
kernel-default.properties,softhsm.kernel.pin,Key
kernel-default.properties,mosip.kernel.syncdata.auth-manager-base-uri,URL
kernel-default.properties,mosip.kernel.syncdata.syncjob-base-url,URL
kernel-default.properties,mosip.kernel.sms.api,URL
kernel-default.properties,spring.mail.password,Key
kernel-default.properties,mosip.kernel.keymanager.hsm.keystore-pass,Key
kernel-default.properties,auth.jwt.secret,Key
kernel-default.properties,mosip.kernel.auth.secret.key,Key
kernel-default.properties,mosip.kernel.ida.secret.key,Key
kernel-default.properties,mosip.kernel.database.hostname,URL
kernel-default.properties,admin_database_url,URL
kernel-default.properties,admin_database_password,Key
kernel-default.properties,syncjob_database_url,URL
kernel-default.properties,syncjob_database_password,Key
kernel-default.properties,audit_database_url,URL
kernel-default.properties,audit_database_password,Key
kernel-default.properties,masterdata_database_url,URL
kernel-default.properties,masterdata_database_password,Key
kernel-default.properties,uin.swagger.base-url,URL
kernel-default.properties,uin_database_url,URL
kernel-default.properties,uin_database_password,Key
kernel-default.properties,vid_database_url,URL
kernel-default.properties,vid_database_password,Key
kernel-default.properties,prid_database_url,URL
kernel-default.properties,prid_database_password,Key
kernel-default.properties,keymanager_database_url,URL
kernel-default.properties,keymanager_database_password,Key
kernel-default.properties,otpmanager_database_url,URL
kernel-default.properties,otpmanager_database_password,Key
kernel-default.properties,syncdata_database_url,URL
kernel-default.properties,syncdata_database_password,Key
kernel-default.properties,ridgenerator_database_url,URL
kernel-default.properties,ridgenerator_database_password,Key
kernel-default.properties,mosip.iam.base.url,URL
kernel-default.properties,mosip.iam.base-url,URL
kernel-default.properties,mosip.iam.open-id-url,URL
kernel-default.properties,mosip.iam.realm.operations.base-url,URL
kernel-default.properties,mosip.iam.admin-url,URL
kernel-default.properties,mosip.iam.roles-extn-url,URL
kernel-default.properties,mosip.iam.users-extn-url,URL
kernel-default.properties,mosip.iam.role-user-mapping-url,URL
kernel-default.properties,mosip.iam.role-based-user-url,URL
kernel-default.properties,keycloak.auth-server-url,URL
kernel-default.properties,mosip.authmanager.base-url,URL
kernel-default.properties,mosip.admin.clientsecret,Key
kernel-default.properties,mosip.admin.redirecturi,URL
kernel-default.properties,mosip.iam.pre-reg_user_password,Key
kernel-default.properties,db_3_DS.keycloak.ipaddress,URL
kernel-default.properties,db_3_DS.keycloak.password,Key
kernel-default.properties,mosip.keycloak.admin.secret.key,Key
kernel-default.properties,mosip.kernel.sign-url,URL
kernel-default.properties,mosip.kernel.prereg.secret.key,Key
kernel-default.properties,auth.server.admin.validate.url,URL
kernel-default.properties,mosip.kernel.syncdata-service-machine-url,URL
kernel-default.properties,mosip.kernel.registrationclient.secret.key,Key
kernel-default.properties,mosip.kernel.authtoken.NEW.internal.url,URL
kernel-default.properties,mosip.kernel.authtoken.OTP.internal.url,URL
kernel-default.properties,mosip.kernel.authtoken.REFRESH.internal.url,URL
kernel-default.properties,mosip.kernel.auth.sendotp.url,URL
kernel-default.properties,syncdata.websub.callback.secret.ca-cert,Key
kernel-default.properties,syncdata.websub.callback.url.path.ca-cert,URL
kernel-default.properties,syncdata.websub.callback.url.ca-cert,URL
kernel-default.properties,PACKET_RESUME_API,URL
kernel-default.properties,PACKET_PAUSE_API,URL
kernel-default.properties,KEYBASEDTOKENAPI,URL
kernel-default.properties,mosip.kernel.masterdata.auth-manager-base-uri,URL
kernel-default.properties,zone.user.details.url,URL
kernel-default.properties,mosip.iam.adapter.clientsecret,Key
kernel-default.properties,auth.allowed.urls,URL
mimoto-default.properties,public.url,URL
mimoto-default.properties,mosip.resident.base.url,URL
mimoto-default.properties,idp.binding.base.url,URL
mimoto-default.properties,RESIDENT_OTP,URL
mimoto-default.properties,RESIDENT_CREDENTIAL_REQUEST,URL
mimoto-default.properties,RESIDENT_VID,URL
mimoto-default.properties,RESIDENT_AUTH_LOCK,URL
mimoto-default.properties,RESIDENT_AUTH_UNLOCK,URL
mimoto-default.properties,RESIDENT_INDIVIDUALID_OTP,URL
mimoto-default.properties,RESIDENT_AID_GET_INDIVIDUALID,URL
mimoto-default.properties,BINDING_OTP,URL
mimoto-default.properties,WALLET_BINDING,URL
mimoto-default.properties,safetynet.api.key,Key
mimoto-default.properties,safetynet.api.url,URL
mimoto-default.properties,mosip.event.hubUrl,URL
mimoto-default.properties,mosip.event.hub.subUrl,URL
mimoto-default.properties,mosip.event.hub.pubUrl,URL
mimoto-default.properties,mosip.event.callBackUrl,URL
mimoto-default.properties,mosip.event.secret,Key
mimoto-default.properties,mosip.partner.crypto.p12.password,Key
mimoto-default.properties,mosip.partner.encryption.key,Key
mimoto-default.properties,token.request.password,Key
mimoto-default.properties,token.request.secretKey,Key
mimoto-default.properties,token.request.issuerUrl,URL
mimoto-default.properties,AUDIT,URL
mimoto-default.properties,AUDIT_URL,URL
mimoto-default.properties,KEYBASEDTOKENAPI,URL
mimoto-default.properties,MASTER,URL
mimoto-default.properties,TEMPLATES,URL
mimoto-default.properties,mosip.kernel.xsdstorage-uri,URL
mimoto-default.properties,CREATEDATASHARE,URL
mimoto-default.properties,DECRYPTPINBASSED,URL
mimoto-default.properties,config.server.file.storage.uri,URL
mimoto-default.properties,mosip.iam.adapter.clientsecret,Key
mimoto-default.properties,auth.server.admin.issuer.uri,URL
mimoto-default.properties,mosip.iam.adapter.issuerURL,URL
mimoto-default.properties,mosip.authmanager.base-url,URL
mimoto-default.properties,mosip.authmanager.client-token-endpoint,URL
mimoto-default.properties,auth.server.admin.validate.url,URL
mimoto-default.properties,mosip.idp.partner.encryption.key,Key
mimoto-default.properties,wallet.binding.partner.api.key,Key
mock-abis-default.properties,secret_url,URL
mock-abis-default.properties,secret_url.secretKey,Key
partner-management-default.properties,mosip.pmp.database.hostname,URL
partner-management-default.properties,mosip.pmp.database.password,Key
partner-management-default.properties,mosip.authdevice.database.hostname,URL
partner-management-default.properties,mosip.authdevice.database.password,Key
partner-management-default.properties,mosip.regdevice.database.hostname,URL
partner-management-default.properties,mosip.regdevice.database.password,Key
partner-management-default.properties,javax.persistence.jdbc.url,URL
partner-management-default.properties,javax.persistence.jdbc.password,Key
partner-management-default.properties,mosip.datasource.authdevice.jdbc.url,URL
partner-management-default.properties,mosip.datasource.authdevice.jdbc.password,Key
partner-management-default.properties,mosip.datasource.regdevice.jdbc.url,URL
partner-management-default.properties,mosip.datasource.regdevice.jdbc.password,Key
partner-management-default.properties,auth.allowed.urls,URL
partner-management-default.properties,pmp.policy.schema.url,URL
partner-management-default.properties,mosip.kernel.sign-url,URL
partner-management-default.properties,mosip.kernel.masterdata.audit-url,URL
partner-management-default.properties,mosip.pmp.auth.secretKey,Key
partner-management-default.properties,pms.cert.service.token.request.issuerUrl,URL
partner-management-default.properties,pmp.ca.certificaticate.upload.rest.uri,URL
partner-management-default.properties,pmp.partner.certificaticate.upload.rest.uri,URL
partner-management-default.properties,pmp.partner.certificaticate.get.rest.uri,URL
partner-management-default.properties,pmp-keymanager.upload.other.domain.cert.rest.uri,URL
partner-management-default.properties,pmp.certificaticate.datashare.rest.uri,URL
partner-management-default.properties,mosip.iam.realm.operations.base-url,URL
partner-management-default.properties,mosip.iam.admin-url,URL
partner-management-default.properties,mosip.iam.roles-extn-url,URL
partner-management-default.properties,mosip.iam.users-extn-url,URL
partner-management-default.properties,mosip.iam.role-user-mapping-url,URL
partner-management-default.properties,mosip.iam.open-id-url,URL
partner-management-default.properties,mosip.keycloak.admin.secret.key,Key
partner-management-default.properties,auth.server.validate.url,URL
partner-management-default.properties,auth.server.admin.validate.url,URL
partner-management-default.properties,auth.jwt.secret,Key
partner-management-default.properties,mosip.iam.adapter.issuerURL,URL
partner-management-default.properties,mosip.iam.module.clientsecret,Key
partner-management-default.properties,mosip.iam.module.redirecturi,URL
partner-management-default.properties,mosip.iam.token_endpoint,URL
partner-management-default.properties,mosip.iam.certs_endpoint,URL
partner-management-default.properties,mosip.kernel.device.search-url,URL
partner-management-default.properties,token.request.password,Key
partner-management-default.properties,token.request.issuerUrl,URL
partner-management-default.properties,PASSWORDBASEDTOKENAPI,URL
partner-management-default.properties,emailResourse.url,URL
partner-management-default.properties,resource.template.url,URL
partner-management-default.properties,mosip.pms.esignet.claims-mapping-file-url,URL
partner-management-default.properties,mosip.pms.esignet.amr-acr-mapping-file-url,URL
partner-management-default.properties,mosip.pms.esignet.oidc-client-create-url,URL
partner-management-default.properties,mosip.pms.esignet.oidc-client-update-url,URL
partner-management-default.properties,mosip.pms.esignet.config-url,URL
print-default.properties,mosip.event.hubURL,URL
print-default.properties,mosip.event.callBackUrl,URL
print-default.properties,mosip.event.secret,Key
print-default.properties,AUDIT,URL
print-default.properties,authmanager.base.url,URL
print-default.properties,mosip.kernel.pdf_owner_password,Key
print-default.properties,KEYBASEDTOKENAPI,URL
print-default.properties,MASTER,URL
print-default.properties,TEMPLATES,URL
print-default.properties,PDFSIGN,URL
print-default.properties,mosip.print.service.uincard.password,Key
print-default.properties,CREATEDATASHARE,URL
print-default.properties,DECRYPTPINBASSED,URL
print-default.properties,mosip.iam.adapter.clientsecret,Key
print-default.properties,mosip.iam.adapter.issuerURL,URL
print-default.properties,mosip.authmanager.base-url,URL
print-default.properties,mosip.authmanager.client-token-endpoint,URL
print-default.properties,mosip.print.crypto.p12.password,Key
registration-default.properties,mosip.registration.audit_default_host_name,URL
registration-default.properties,auth.jwt.secret,Key
registration-default.properties,mosip.registration.reset_password_url,URL
registration-default.properties,mosip.registration.onboard_yourself_url,URL
registration-default.properties,mosip.registration.registering_individual_url,URL
registration-default.properties,mosip.registration.sync_data_url,URL
registration-default.properties,mosip.registration.mapping_devices_url,URL
registration-default.properties,mosip.registration.uploading_data_url,URL
registration-default.properties,mosip.registration.updating_biometrics_url,URL
registration-processor-default.properties,mosip.regproc.notification.url,URL
registration-processor-default.properties,packetmanager.base.url,URL
registration-processor-default.properties,mosip.registration.processor.database.hostname,URL
registration-processor-default.properties,javax.persistence.jdbc.url,URL
registration-processor-default.properties,javax.persistence.jdbc.password,Key
registration-processor-default.properties,token.request.secretKey,Key
registration-processor-default.properties,token.request.issuerUrl,URL
registration-processor-default.properties,AUDIT,URL
registration-processor-default.properties,authmanager.base.url,URL
registration-processor-default.properties,KEYBASEDTOKENAPI,URL
registration-processor-default.properties,TOKENVALIDATE,URL
registration-processor-default.properties,GETRIDFROMUSERID,URL
registration-processor-default.properties,IDAINTERNAL,URL
registration-processor-default.properties,INTERNALAUTH,URL
registration-processor-default.properties,GETINDIVIDUALIDFROMUSERID,URL
registration-processor-default.properties,MASTER,URL
registration-processor-default.properties,MACHINEHISTORY,URL
registration-processor-default.properties,CENTERHISTORY,URL
registration-processor-default.properties,CENTERUSERMACHINEHISTORY,URL
registration-processor-default.properties,REVERSEDATASYNC,URL
registration-processor-default.properties,CENTERDETAILS,URL
registration-processor-default.properties,MACHINEDETAILS,URL
registration-processor-default.properties,DEVICESHISTORIES,URL
registration-processor-default.properties,REGISTRATIONCENTERDEVICEHISTORY,URL
registration-processor-default.properties,REGISTRATIONCENTERTIMESTAMP,URL
registration-processor-default.properties,USERDETAILS,URL
registration-processor-default.properties,TEMPLATES,URL
registration-processor-default.properties,DEVICEVALIDATEHISTORY,URL
registration-processor-default.properties,IDSCHEMA,URL
registration-processor-default.properties,LANGUAGE,URL
registration-processor-default.properties,IDENTITY,URL
registration-processor-default.properties,IDREPOSITORY,URL
registration-processor-default.properties,IDREPOGETIDBYUIN,URL
registration-processor-default.properties,UINGENERATOR,URL
registration-processor-default.properties,RETRIEVEIDENTITYFROMRID,URL
registration-processor-default.properties,RETRIEVEIDENTITY,URL
registration-processor-default.properties,CREATEVID,URL
registration-processor-default.properties,GETUINBYVID,URL
registration-processor-default.properties,CREDENTIALREQUEST,URL
registration-processor-default.properties,CREDENTIALREQUESTV2,URL
registration-processor-default.properties,GETVIDSBYUIN,URL
registration-processor-default.properties,IDREPOHASDRAFT,URL
registration-processor-default.properties,IDREPOGETDRAFT,URL
registration-processor-default.properties,IDREPOCREATEDRAFT,URL
registration-processor-default.properties,IDREPOUPDATEDRAFT,URL
registration-processor-default.properties,IDREPOPUBLISHDRAFT,URL
registration-processor-default.properties,IDREPOEXTRACTBIOMETRICS,URL
registration-processor-default.properties,KEYMANAGER,URL
registration-processor-default.properties,ENCRYPTURL,URL
registration-processor-default.properties,ENCRYPTIONSERVICE,URL
registration-processor-default.properties,DIGITALSIGNATURE,URL
registration-processor-default.properties,DEVICEHOTLIST,URL
registration-processor-default.properties,JWTVERIFY,URL
registration-processor-default.properties,CRYPTOMANAGERDECRYPT,URL
registration-processor-default.properties,NOTIFIER,URL
registration-processor-default.properties,SMSNOTIFIER,URL
registration-processor-default.properties,EMAILNOTIFIER,URL
registration-processor-default.properties,PMS,URL
registration-processor-default.properties,PARTNERGETBIOEXTRACTOR,URL
registration-processor-default.properties,mosip.registration.processor.postalcode.req.url,URL
registration-processor-default.properties,mosip.regproc.packet.receiver.server.servlet.path,URL
registration-processor-default.properties,registration.processor.notification_service_subscriber_secret,Key
registration-processor-default.properties,registration.processor.notification_service_subscriber_callback_url,URL
registration-processor-default.properties,registration.processor.notification_service_pausedforadditonalinfo_subscriber_secret,Key
registration-processor-default.properties,registration.processor.notification_service_pausedforadditonalinfo_subscriber_callback_url,URL
registration-processor-default.properties,registration.processor.queue.password,Key
registration-processor-default.properties,registration.processor.queue.url,URL
registration-processor-default.properties,registration.processor.verification.queue.password,Key
registration-processor-default.properties,registration.processor.verification.queue.url,URL
registration-processor-default.properties,registration.processor.manual.adjudication.queue.password,Key
registration-processor-default.properties,registration.processor.manual.adjudication.queue.url,URL
registration-processor-default.properties,IDAUTHENCRYPTION,URL
registration-processor-default.properties,IDAUTHPUBLICKEY,URL
registration-processor-default.properties,IDAUTHCERTIFICATE,URL
registration-processor-default.properties,ida-internal-auth-uri,URL
registration-processor-default.properties,ida-internal-get-certificate-uri,URL
registration-processor-default.properties,PACKETMANAGER_SEARCH_FIELD,URL
registration-processor-default.properties,PACKETMANAGER_SEARCH_FIELDS,URL
registration-processor-default.properties,PACKETMANAGER_SEARCH_METAINFO,URL
registration-processor-default.properties,PACKETMANAGER_VALIDATE,URL
registration-processor-default.properties,PACKETMANAGER_SEARCH_DOCUMENT,URL
registration-processor-default.properties,PACKETMANAGER_SEARCH_BIOMETRICS,URL
registration-processor-default.properties,PACKETMANAGER_SEARCH_AUDITS,URL
registration-processor-default.properties,PACKETMANAGER_INFO,URL
registration-processor-default.properties,PACKETMANAGER_UPDATE_TAGS,URL
registration-processor-default.properties,PACKETMANAGER_DELETE_TAGS,URL
registration-processor-default.properties,PACKETMANAGER_GET_TAGS,URL
registration-processor-default.properties,DATASHARECREATEURL,URL
registration-processor-default.properties,DATASHAREGETEURL,URL
registration-processor-default.properties,mosip.biosdk.default.service.url,URL
registration-processor-default.properties,mosip.biometric.sdk.providers.finger.mosip-ref-impl-sdk-client.format.url.mock-1.1,URL
registration-processor-default.properties,mosip.biometric.sdk.providers.finger.mosip-ref-impl-sdk-client.format.url.default,URL
registration-processor-default.properties,mosip.biometric.sdk.providers.iris.mosip-ref-impl-sdk-client.format.url.mock-1.1,URL
registration-processor-default.properties,mosip.biometric.sdk.providers.face.mosip-ref-impl-sdk-client.format.url.mock-1.1,URL
registration-processor-default.properties,mosip.regproc.db.url,URL
registration-processor-default.properties,mosip.regproc.db.password,Key
registration-processor-default.properties,NGINXDMZURL,URL
registration-processor-default.properties,mosip.iam.adapter.clientsecret,Key
registration-processor-default.properties,mosip.iam.adapter.issuerURL,URL
registration-processor-default.properties,object.store.s3.accesskey,Key
registration-processor-default.properties,object.store.s3.secretkey,Key
registration-processor-default.properties,object.store.s3.url,URL
syncdata-default.properties,mosip.kernel.syncdata.auth-manager-base-uri,URL
syncdata-default.properties,mosip.kernel.syncdata.syncjob-base-url,URL
syncdata-default.properties,mosip.kernel.syncdata-service-idschema-url,URL
syncdata-default.properties,spring.mail.password,Key
syncdata-default.properties,mosip.kernel.keymanager.hsm.keystore-pass,Key
syncdata-default.properties,otp.manager.api.generate,URL
syncdata-default.properties,otp.manager.api.verify,URL
syncdata-default.properties,otp.sender.api.email.send,URL
syncdata-default.properties,otp.sender.api.sms.send,URL
syncdata-default.properties,masterdata.api.template,URL
syncdata-default.properties,idrepo.api.getuindetails,URL
syncdata-default.properties,mosip.kernel.auth.secret.key,Key
syncdata-default.properties,mosip.kernel.ida.secret.key,Key
syncdata-default.properties,mosip.kernel.database.hostname,URL
syncdata-default.properties,admin_database_url,URL
syncdata-default.properties,admin_database_password,Key
syncdata-default.properties,syncjob_database_url,URL
syncdata-default.properties,syncjob_database_password,Key
syncdata-default.properties,audit_database_url,URL
syncdata-default.properties,audit_database_password,Key
syncdata-default.properties,masterdata_database_url,URL
syncdata-default.properties,masterdata_database_password,Key
syncdata-default.properties,uin.swagger.base-url,URL
syncdata-default.properties,uin_database_url,URL
syncdata-default.properties,uin_database_password,Key
syncdata-default.properties,id_database_url,URL
syncdata-default.properties,id_database_password,Key
syncdata-default.properties,vid_database_url,URL
syncdata-default.properties,vid_database_password,Key
syncdata-default.properties,prid_database_url,URL
syncdata-default.properties,prid_database_password,Key
syncdata-default.properties,keymanager_database_url,URL
syncdata-default.properties,keymanager_database_password,Key
syncdata-default.properties,otpmanager_database_url,URL
syncdata-default.properties,otpmanager_database_password,Key
syncdata-default.properties,syncdata_database_url,URL
syncdata-default.properties,syncdata_database_password,Key
syncdata-default.properties,licensekeymanager_database_url,URL
syncdata-default.properties,licensekeymanager_database_password,Key
syncdata-default.properties,ridgenerator_database_url,URL
syncdata-default.properties,ridgenerator_database_password,Key
syncdata-default.properties,mosip.iam.base-url,URL
syncdata-default.properties,mosip.iam.open-id-url,URL
syncdata-default.properties,mosip.iam.realm.operations.base-url,URL
syncdata-default.properties,mosip.iam.admin-url,URL
syncdata-default.properties,mosip.iam.roles-extn-url,URL
syncdata-default.properties,mosip.iam.users-extn-url,URL
syncdata-default.properties,mosip.iam.role-user-mapping-url,URL
syncdata-default.properties,mosip.iam.role-based-user-url,URL
syncdata-default.properties,mosip.iam.adapter.clientsecret,Key
syncdata-default.properties,mosip.iam.adapter.issuerURL,URL
syncdata-default.properties,mosip.authmanager.client-token-endpoint,URL
syncdata-default.properties,keycloak.auth-server-url,URL
syncdata-default.properties,mosip.iam.authorization_endpoint,URL
syncdata-default.properties,mosip.iam.token_endpoint,URL
syncdata-default.properties,mosip.admin.clientsecret,Key
syncdata-default.properties,mosip.admin.redirecturi,URL
syncdata-default.properties,mosip.iam.pre-reg_user_password,Key
syncdata-default.properties,db_3_DS.keycloak.ipaddress,URL
syncdata-default.properties,db_3_DS.keycloak.password,Key
syncdata-default.properties,mosip.keycloak.admin.secret.key,Key
syncdata-default.properties,mosip.authmanager.base-url,URL
syncdata-default.properties,mosip.kernel.masterdata.audit-url,URL
syncdata-default.properties,mosip.kernel.keymanager-service-sign-url,URL
syncdata-default.properties,mosip.kernel.prereg.secret.key,Key
syncdata-default.properties,auth.server.admin.validate.url,URL
syncdata-default.properties,mosip.kernel.masterdata.auth-manager-base-uri,URL
syncdata-default.properties,mosip.kernel.syncdata-service-machine-url,URL
syncdata-default.properties,mosip.kernel.registrationclient.secret.key,Key
syncdata-default.properties,mosip.kernel.authtoken.NEW.internal.url,URL
syncdata-default.properties,mosip.kernel.authtoken.OTP.internal.url,URL
syncdata-default.properties,mosip.kernel.authtoken.REFRESH.internal.url,URL
syncdata-default.properties,mosip.kernel.auth.sendotp.url,URL
syncdata-default.properties,syncdata.websub.callback.secret.ca-cert,Key
syncdata-default.properties,syncdata.websub.callback.url.ca-cer,URL
syncdata-default.properties,syncdata.websub.callback.url.path.ca-cert,URL
syncdata-default.properties,mosip.kernel.keymanager-service-publickey-url,URL
pre-registration-default.properties,javax.persistence.jdbc.url,URL
pre-registration-default.properties,javax.persistence.jdbc.password,key
pre-registration-default.properties,mosip.prereg.application.url,URL
pre-registration-default.properties,demographic.service.env,URL
pre-registration-default.properties,demographic.resource.url,URL
pre-registration-default.properties,document.service.env,URL
pre-registration-default.properties,document.resource.url,URL
pre-registration-default.properties,mosip.prereg.booking.url,URL
pre-registration-default.properties,booking.service.env,URL
pre-registration-default.properties,booking.service.contextpath,URL
pre-registration-default.properties,booking.resource.url,URL
pre-registration-default.properties,appointmentResourse.url,URL
pre-registration-default.properties,batch.service.env,URL
pre-registration-default.properties,batch.resource.url,URL
pre-registration-default.properties,mosip.batch.token.authmanager.password,Key
pre-registration-default.properties,mosip.batch.token.authmanager.url,URL
pre-registration-default.properties,bookingAvailablity.url,URL
pre-registration-default.properties,updateConsumedStatus.url,URL
pre-registration-default.properties,expiredStatus.url,URL
pre-registration-default.properties,batch.appointment.cancel,URL
pre-registration-default.properties,id-masterdata-template-service-multilang.rest.uri,URL
pre-registration-default.properties,mosip.base.url,URL
pre-registration-default.properties,masterdata.service.env,URL
pre-registration-default.properties,masterdata.resource.url,URL
pre-registration-default.properties,regCenter.url,URL
pre-registration-default.properties,holiday.url,URL
pre-registration-default.properties,holiday.exceptional.url,URL
pre-registration-default.properties,working.day.url,URL
pre-registration-default.properties,mosip.kernel.masterdata.validdoc.rest.uri,URL
pre-registration-default.properties,resource.template.url,URL
pre-registration-default.properties,notification.service.env,URL
pre-registration-default.properties,notification.url,URL
pre-registration-default.properties,email.service.env,URL
pre-registration-default.properties,emailResourse.url,URL
pre-registration-default.properties,sms.service.env,URL
pre-registration-default.properties,smsResourse.url,URL
pre-registration-default.properties,audit.service.env,URL
pre-registration-default.properties,audit.url,URL
pre-registration-default.properties,crypto.service.env,URL
pre-registration-default.properties,cryptoResource.url,URL
pre-registration-default.properties,secretKey,Key
pre-registration-default.properties,kernel.auth.env,URl
pre-registration-default.properties,auth.server.validate.url,URL
pre-registration-default.properties,kernel.prid.env,URL
pre-registration-default.properties,mosip.io.prid.url,URL
pre-registration-default.properties,mosip.preregistration.id-schema,URL
pre-registration-default.properties,syncdata.resource.url,URL
pre-registration-default.properties,sendOtp.resource.url,URL
pre-registration-default.properties,mail-notification.rest.uri,URL
pre-registration-default.properties,sms-notification.rest.uri,URL
pre-registration-default.properties,otp-generate.rest.uri,URL
pre-registration-default.properties,iam.base.url,URL
pre-registration-default.properties,auth-token-generator.rest.issuerUrl,URL
pre-registration-default.properties,prereg.auth.jwt.secret,Key
pre-registration-default.properties,mosip.kernel.idobjectvalidator.masterdata.documentcategories.lang.rest.uri,URL
pre-registration-default.properties,mosip.kernel.idobjectvalidator.masterdata.languages.rest.uri,URL
pre-registration-default.properties,mosip.kernel.idobjectvalidator.masterdata.gendertypes.rest.uri,URL
pre-registration-default.properties,mosip.kernel.idobjectvalidator.masterdata.documentcategories.rest.uri,URL
pre-registration-default.properties,mosip.kernel.idobjectvalidator.masterdata.documenttypes.rest.uri,URL
pre-registration-default.properties,mosip.kernel.idobjectvalidator.masterdata.locations.rest.uri,URL
pre-registration-default.properties,mosip.kernel.idobjectvalidator.masterdata.locationhierarchy.rest.uri,URL
pre-registration-default.properties,mosip.preregistration.captcha.secretkey,Key
pre-registration-default.properties,mosip.preregistration.captcha.resourse.url,URL
pre-registration-default.properties,mosip.preregistration.captcha.recaptcha.verify.url,URL
pre-registration-default.properties,mosip.preregistration.appointment.getavailablity.url,URL
pre-registration-default.properties,mosip.preregistration.appointment.book.url,URL
pre-registration-default.properties,mosip.preregistration.appointment.multi.book.url,URL
pre-registration-default.properties,mosip.iam.adapter.clientsecret,Key
pre-registration-default.properties,object.store.s3.accesskey,Key
pre-registration-default.properties,object.store.s3.secretkey,Key
pre-registration-default.properties,object.store.s3.url,URL
packet-manager-default.properties,object.store.s3.accesskey,Key
packet-manager-default.properties,object.store.s3.secretkey,Key
packet-manager-default.properties,object.store.s3.url,URL
packet-manager-default.properties,mosip.iam.adapter.clientsecret,Key
packet-manager-default.properties,mosip.iam.adapter.issuerURL,URL
resident-default.properties,MASTER,URL
resident-default.properties,IDREPOGETIDBYUIN,URL
resident-default.properties,SMSNOTIFIER,URL
resident-default.properties,GETUINBYVID,URL
resident-default.properties,DIGITAL_CARD_STATUS_URL,URL
resident-default.properties,EMAILNOTIFIER,URL
resident-default.properties,ENCRYPTURL,URL
resident-default.properties,CREATEVID,URL
resident-default.properties,token.request.secretKey,Key
resident-default.properties,mosip.kernel.masterdata.audit-url,URL
resident-default.properties,IDREPOSITORY,URL
resident-default.properties,INTERNALAUTH,URL
resident-default.properties,IMMEDIATE_CHILDREN_BY_LOCATIONCODE_AND_LANGCODE_URL,URL
resident-default.properties,mosip.resident.vid-policy-url,URL
resident-default.properties,mosip.iam.module.redirecturi,URL
resident-default.properties,REGISTRATION_CENTER_BY_LOCATION_TYPE_AND_SEARCH_TEXT_PAGINATED_URL,URL
resident-default.properties,mosip.pms.pmp.partner.rest.uri,URL
resident-default.properties,APPLICANT_VALID_DOCUMENT_URL,URL
resident-default.properties,resident.ui.track-service-request-url,URL
resident-default.properties,PDFSIGN,URL
resident-default.properties,LOCATION_HIERARCHY_LEVEL_BY_LANGCODE_URL,URL
resident-default.properties,mosip.iam.userinfo_endpoint,URL
resident-default.properties,resident-data-format-mvel-file-url,URL
resident-default.properties,resident.websub.callback.authtype-status.relative.url,URL
resident-default.properties,REGISTRATION_CENTER_FOR_LOCATION_CODE_URL,URL
resident-default.properties,mosip.keymanager.jwt.sign.end.point,URL
resident-default.properties,RESIDENT_REQ_CREDENTIAL_URL,URL
resident-default.properties,IDREPO_IDENTITY_UPDATE_COUNT,URL
resident-default.properties,auth.server.admin.oidc.certs.url,URL
resident-default.properties,GET_ORDER_STATUS_URL,URL
resident-default.properties,mosip.iam.token_endpoint,URL
resident-default.properties,WORKING_DAYS_BY_REGISTRATION_ID,URL
resident-default.properties,GET_RID_STATUS,URL
resident-default.properties,IDREPO_IDENTITY_URL,URL
resident-default.properties,mosip-prereg-ui-url,URL
resident-default.properties,object.store.s3.url,URL
resident-default.properties,RETRIEVE_VIDS,URL
resident-default.properties,DOCUMENT_TYPE_BY_DOCUMENT_CATEGORY_AND_LANG_CODE,URL
resident-default.properties,VALID_DOCUMENT_BY_LANGCODE_URL,URL
resident-default.properties,mosip-prereg-host,URL
resident-default.properties,TEMPLATES_BY_LANGCODE_AND_TEMPLATETYPECODE_URL,URL
resident-default.properties,mosip.iam.authorization_endpoint,URL
resident-default.properties,mosip.iam.certs_endpoint,URL
resident-default.properties,resident-ui-schema-file-url,URL
resident-default.properties,identity-mapping-file-source,URL
resident-default.properties,resident.websub.callback.authtype-status.url,URL
resident-default.properties,COORDINATE_SPECIFIC_REGISTRATION_CENTERS_URL,URL
resident-default.properties,resident.websub.callback.authTransaction-status.relative.url,URL
resident-default.properties,mosip.resident.service.mock.pdf.url,URL
resident-default.properties,auth.server.admin.validate.url,URL
resident-default.properties,mosip.resident.keymanager.encrypt-uri,URL
resident-default.properties,identity-mapping-file-url,URL
resident-default.properties,LOCATION_INFO_BY_LOCCODE_AND_LANGCODE_URL,URL
resident-default.properties,GET_RID_BY_INDIVIDUAL_ID,URL
resident-default.properties,object.store.s3.secretkey,Key
resident-default.properties,mosip.resident.download-card.url,URL
resident-default.properties,PARTNER_DETAILS_NEW_URL,URL
resident-default.properties,resident.websub.authtype-status.secret,Key
resident-default.properties,otp-generate.rest.uri,URL
resident-default.properties,LATEST_ID_SCHEMA_URL ,URL
resident-default.properties,mosip.resident.keymanager.decrypt-uri,URL
resident-default.properties,resident.websub.authTransaction-status.secret,Key
resident-default.properties,mosip.resident.captcha.secretkey,Key
resident-default.properties,GENDER_TYPE_BY_LANGCODE,URL
resident-default.properties,mosip.resident.grievance.url,URL
resident-default.properties,mosip.iam.base.url,URL
resident-default.properties,auth.allowed.urls,URL
resident-default.properties,resident.websub.callback.authTransaction-status.url,URL
resident-default.properties,mosip.resident.captcha.resourse.url,URL
resident-default.properties,auth.server.admin.oidc.userinfo.url,URL
resident-default.properties,object.store.s3.accesskey,Key
