{
	"id": "0e33ae61-8624-47ed-a9b8-d6cbcd1ca1c2",
	"name": "sample",
	"values": [
		{
			"key": "url",
			"value": "{{baseurl}}",
			"enabled": true
		},
		{
			"key": "kcurl",
			"value": "{{baseurl}}/keycloak",
			"enabled": true
		},
		{
			"key": "username",
			"value": "{{this is the username of the partner in keycloak}}",
			"enabled": true
		},
		{
			"key": "applicationid",
			"value": "partner",
			"enabled": true
		},
		{
			"key": "requesttime",
			"value": "{{this value will be self generated by postman}}",
			"enabled": true
		},
		{
			"key": "keycloakusername",
			"value": "{{keycloak admin username}}",
			"enabled": true
		},
		{
			"key": "keycloakpassword",
			"value": "{{keycloak admin password}}",
			"enabled": true
		},
		{
			"key": "useremail",
			"value": "{{email for keycloak user creation }}",
			"enabled": true
		},
		{
			"key": "machinename",
			"value": "{{comes from machine's TPM values}}",
			"enabled": true
		},
		{
			"key": "machineserialnum",
			"value": "{{comes from machine's TPM values}}",
			"enabled": true
		},
		{
			"key": "machinemacaddress",
			"value": "{{comes from machine's TPM values}}",
			"enabled": true
		},
		{
			"key": "machineip",
			"value": "{{comes from machine's TPM values}}",
			"enabled": true
		},
		{
			"key": "machinespecid",
			"value": "{{machine specification id}}",
			"enabled": true
		},
		{
			"key": "zonecode",
			"value": "{{zone code of the zone of the machine}}",
			"enabled": true
		},
		{
			"key": "centerid",
			"value": "{{center code of the machine}}",
			"enabled": true
		},
		{
			"key": "machinepublickey",
			"value": "{{comes from machine's TPM values}}",
			"enabled": true
		},
		{
			"key": "signpublickey",
			"value": "{{comes from machine's TPM values}}",
			"enabled": true
		},
		{
			"key": "machineusername",
			"value": "{{username for keycloak during user onboarding}}",
			"enabled": true
		},
		{
			"key": "password",
			"value": "{{password for logging into reg-client}}",
			"enabled": true
		},
		{
			"key": "rcuser",
			"value": "{{username for logging into reg-client}}",
			"enabled": true
		},
		{
			"key": "keycloaktoken",
			"value": "{{will be provided by postman}}",
			"enabled": true
		},
		{
			"key": "policygroupid",
			"value": "{{will be provided by postman}}",
			"enabled": true
		},
		{
			"key": "kcroleid",
			"value": "{{will be provided by postman}}",
			"enabled": true
		},
		{
			"key": "datasharepolicyname",
			"value": "{{policy name of the chosen datahsare policy}}",
			"enabled": true
		},
		{
			"key": "datasharepolicygroupname",
			"value": "{{name of policy group of the datashare policy group}}",
			"enabled": true
		},
		{
			"key": "datasharepolicyid",
			"value": "{{id of the datashare policy chosen}}",
			"enabled": true
		},
		{
			"key": "datasharepolicygroupid",
			"value": "{{will be provided by postman}}",
			"type": "any",
			"enabled": true
		},
		{
			"key": "partneraddress",
			"value": "{{address of partner}}",
			"type": "default",
			"enabled": true
		},
		{
			"key": "partnercontact",
			"value": "{{contact with partner}}",
			"type": "default",
			"enabled": true
		},
		{
			"key": "partneremail",
			"value": "{{email of partner}}",
			"type": "default",
			"enabled": true
		},
		{
			"key": "partnerpassword",
			"value": "{{secret password for partner to login and do self registration later}}",
			"type": "any",
			"enabled": true
		},
		{
			"key": "partnertype",
			"value": "{{type of partner e.g Device partner/Auth partner}}",
			"type": "default",
			"enabled": true
		},
		{
			"key": "partnerid",
			"value": "{{id of the partner}}",
			"type": "default",
			"enabled": true
		},
		{
			"key": "credentialtype",
			"value": "euin",
			"type": "default",
			"enabled": true
		},
		{
			"key": "mappingkey",
			"value": "{{will be provided by postman}}",
			"type": "any",
			"enabled": true
		},
		{
			"key": "policyname",
			"value": "{{name of the chosen policy}}",
			"type": "default",
			"enabled": true
		},
		{
			"key": "policygroupname",
			"value": "{{name of chosen policy group}}",
			"type": "default",
			"enabled": true
		},
		{
			"key": "policyid",
			"value": "{{will be provided by postman}}",
			"type": "any",
			"enabled": true
		},
		{
			"key": "kcusername",
			"value": "{{secret username for keycloak admin login}}",
			"type": "default",
			"enabled": true
		},
		{
			"key": "clientsecret",
			"value": "{{secret for keycloak login of mosip-partner-client }}",
			"type": "default",
			"enabled": true
		},
		{
			"key": "clientid",
			"value": "{{id of the client (such as partner -client or ida-client) in keycloak}}",
			"type": "default",
			"enabled": true
		},
		{
			"key": "MISPaddress",
			"value": "{{Address of MISP partner}}",
			"type": "default",
			"enabled": true
		},
		{
			"key": "MISPcontact",
			"value": "{{contact number of MISP partner}}",
			"type": "default",
			"enabled": true
		},
		{
			"key": "MISPpartneremail",
			"value": "{{email id of MISP partner}}",
			"type": "default",
			"enabled": true
		},
		{
			"key": "MISPpartnerid",
			"value": "{{MISP partner's Id}}",
			"type": "default",
			"enabled": true
		},
		{
			"key": "label",
			"value": "{{an unique value for apikey generation}}",
			"type": "default",
			"enabled": true
		}
	],
	"_postman_variable_scope": "environment",
	"_postman_exported_at": "2022-02-10T11:19:19.603Z",
	"_postman_exported_using": "Postman/9.12.2"
}